"","file","BIO","ACI","NDSI","name","site","datetime","time"
"1","20230328_000000.WAV",2.04086234753074,25.1948685099162,0.689502228913471,"D:/AudioMoth_data/Week_starting_230403/H0/20230328/20230328_000000.WAV","H0",2023-03-28,NA
"2","20230328_001000.WAV",2.01385902987474,25.1816667689467,0.699530079133887,"D:/AudioMoth_data/Week_starting_230403/H0/20230328/20230328_001000.WAV","H0",2023-03-28 00:10:00,"00:10:00"
"3","20230328_002000.WAV",2.04739999475785,25.1463387125365,0.710390339168999,"D:/AudioMoth_data/Week_starting_230403/H0/20230328/20230328_002000.WAV","H0",2023-03-28 00:20:00,"00:20:00"
"4","20230328_003000.WAV",2.02481995583743,25.159522795719,0.708483029625472,"D:/AudioMoth_data/Week_starting_230403/H0/20230328/20230328_003000.WAV","H0",2023-03-28 00:30:00,"00:30:00"
"5","20230328_004000.WAV",2.03480086566176,25.1781881070469,0.700593431210205,"D:/AudioMoth_data/Week_starting_230403/H0/20230328/20230328_004000.WAV","H0",2023-03-28 00:40:00,"00:40:00"
"6","20230328_005000.WAV",2.02384495061624,25.19628790973,0.694203208988387,"D:/AudioMoth_data/Week_starting_230403/H0/20230328/20230328_005000.WAV","H0",2023-03-28 00:50:00,"00:50:00"
"7","20230328_010000.WAV",1.98583794909448,25.162429770503,0.699203747124224,"D:/AudioMoth_data/Week_starting_230403/H0/20230328/20230328_010000.WAV","H0",2023-03-28 01:00:00,"01:00:00"
"8","20230328_011000.WAV",2.03849894118186,25.1117665974313,0.680293985818951,"D:/AudioMoth_data/Week_starting_230403/H0/20230328/20230328_011000.WAV","H0",2023-03-28 01:10:00,"01:10:00"
"9","20230328_012000.WAV",1.10426700752629,26.417299301554,0.746097374804859,"D:/AudioMoth_data/Week_starting_230403/H0/20230328/20230328_012000.WAV","H0",2023-03-28 01:20:00,"01:20:00"
"10","20230328_013000.WAV",1.98518308865593,25.1063606864909,0.71389165660315,"D:/AudioMoth_data/Week_starting_230403/H0/20230328/20230328_013000.WAV","H0",2023-03-28 01:30:00,"01:30:00"
"11","20230328_014000.WAV",1.95603619361709,25.1654712305939,0.704551199785496,"D:/AudioMoth_data/Week_starting_230403/H0/20230328/20230328_014000.WAV","H0",2023-03-28 01:40:00,"01:40:00"
"12","20230328_015000.WAV",1.98859207366946,25.1737729912436,0.716122804417925,"D:/AudioMoth_data/Week_starting_230403/H0/20230328/20230328_015000.WAV","H0",2023-03-28 01:50:00,"01:50:00"
"13","20230328_020000.WAV",2.037717037524,25.1869208789389,0.72348324794075,"D:/AudioMoth_data/Week_starting_230403/H0/20230328/20230328_020000.WAV","H0",2023-03-28 02:00:00,"02:00:00"
"14","20230328_021000.WAV",2.01313186316586,25.2185529684661,0.712833802605223,"D:/AudioMoth_data/Week_starting_230403/H0/20230328/20230328_021000.WAV","H0",2023-03-28 02:10:00,"02:10:00"
"15","20230328_022000.WAV",1.98877595831,25.1603824104254,0.723506484093108,"D:/AudioMoth_data/Week_starting_230403/H0/20230328/20230328_022000.WAV","H0",2023-03-28 02:20:00,"02:20:00"
"16","20230328_023000.WAV",1.99929135094385,25.1823943604486,0.713116574088095,"D:/AudioMoth_data/Week_starting_230403/H0/20230328/20230328_023000.WAV","H0",2023-03-28 02:30:00,"02:30:00"
"17","20230328_024000.WAV",1.9878538921998,25.1581788726503,0.723215725216073,"D:/AudioMoth_data/Week_starting_230403/H0/20230328/20230328_024000.WAV","H0",2023-03-28 02:40:00,"02:40:00"
"18","20230328_025000.WAV",2.00944177948103,25.1533892982016,0.723922602603302,"D:/AudioMoth_data/Week_starting_230403/H0/20230328/20230328_025000.WAV","H0",2023-03-28 02:50:00,"02:50:00"
"19","20230328_030000.WAV",2.00706290195299,25.2004685087828,0.696132381376666,"D:/AudioMoth_data/Week_starting_230403/H0/20230328/20230328_030000.WAV","H0",2023-03-28 03:00:00,"03:00:00"
"20","20230328_031000.WAV",2.03948710116694,25.1578498339109,0.728808193951355,"D:/AudioMoth_data/Week_starting_230403/H0/20230328/20230328_031000.WAV","H0",2023-03-28 03:10:00,"03:10:00"
"21","20230328_032000.WAV",2.02350330942141,25.1211332657806,0.727425301811026,"D:/AudioMoth_data/Week_starting_230403/H0/20230328/20230328_032000.WAV","H0",2023-03-28 03:20:00,"03:20:00"
"22","20230328_033000.WAV",2.03245514792437,25.0835823668445,0.732555391680937,"D:/AudioMoth_data/Week_starting_230403/H0/20230328/20230328_033000.WAV","H0",2023-03-28 03:30:00,"03:30:00"
"23","20230328_034000.WAV",2.02446616219998,25.1805913570128,0.720368797063977,"D:/AudioMoth_data/Week_starting_230403/H0/20230328/20230328_034000.WAV","H0",2023-03-28 03:40:00,"03:40:00"
"24","20230328_035000.WAV",2.06937403579246,25.0988339704289,0.742004663654645,"D:/AudioMoth_data/Week_starting_230403/H0/20230328/20230328_035000.WAV","H0",2023-03-28 03:50:00,"03:50:00"
"25","20230328_040000.WAV",2.15480512249951,25.230988456957,0.745573091919347,"D:/AudioMoth_data/Week_starting_230403/H0/20230328/20230328_040000.WAV","H0",2023-03-28 04:00:00,"04:00:00"
"26","20230328_041000.WAV",2.28596505378508,24.9590015283086,0.758984492031858,"D:/AudioMoth_data/Week_starting_230403/H0/20230328/20230328_041000.WAV","H0",2023-03-28 04:10:00,"04:10:00"
"27","20230328_042000.WAV",2.24099559634102,25.0618162696753,0.748462208991435,"D:/AudioMoth_data/Week_starting_230403/H0/20230328/20230328_042000.WAV","H0",2023-03-28 04:20:00,"04:20:00"
"28","20230328_043000.WAV",2.38059273905389,25.0304341890536,0.78088761065949,"D:/AudioMoth_data/Week_starting_230403/H0/20230328/20230328_043000.WAV","H0",2023-03-28 04:30:00,"04:30:00"
"29","20230328_044000.WAV",2.45061120795169,25.1661964697888,0.790983631535424,"D:/AudioMoth_data/Week_starting_230403/H0/20230328/20230328_044000.WAV","H0",2023-03-28 04:40:00,"04:40:00"
"30","20230328_045000.WAV",2.60723207698707,25.0888870614816,0.783392359529431,"D:/AudioMoth_data/Week_starting_230403/H0/20230328/20230328_045000.WAV","H0",2023-03-28 04:50:00,"04:50:00"
"31","20230328_050000.WAV",2.36325785085669,25.1852269893437,0.757620611382401,"D:/AudioMoth_data/Week_starting_230403/H0/20230328/20230328_050000.WAV","H0",2023-03-28 05:00:00,"05:00:00"
"32","20230328_051000.WAV",2.6846971094407,25.1331174810763,0.809325513016572,"D:/AudioMoth_data/Week_starting_230403/H0/20230328/20230328_051000.WAV","H0",2023-03-28 05:10:00,"05:10:00"
"33","20230328_052000.WAV",2.55029444454768,25.2017355790076,0.80540610917909,"D:/AudioMoth_data/Week_starting_230403/H0/20230328/20230328_052000.WAV","H0",2023-03-28 05:20:00,"05:20:00"
"34","20230328_053000.WAV",3.06767755082165,25.1468027097937,0.877342213396405,"D:/AudioMoth_data/Week_starting_230403/H0/20230328/20230328_053000.WAV","H0",2023-03-28 05:30:00,"05:30:00"
"35","20230328_054000.WAV",2.46199089902013,25.3585792129509,0.852401868302854,"D:/AudioMoth_data/Week_starting_230403/H0/20230328/20230328_054000.WAV","H0",2023-03-28 05:40:00,"05:40:00"
"36","20230328_055000.WAV",2.59036284623415,25.7011050093764,0.838377091440831,"D:/AudioMoth_data/Week_starting_230403/H0/20230328/20230328_055000.WAV","H0",2023-03-28 05:50:00,"05:50:00"
"37","20230328_060000.WAV",1.85658510625707,25.5834298079165,0.914749016190304,"D:/AudioMoth_data/Week_starting_230403/H0/20230328/20230328_060000.WAV","H0",2023-03-28 06:00:00,"06:00:00"
"38","20230328_061000.WAV",2.02524325400596,25.2656245157458,0.939733253143745,"D:/AudioMoth_data/Week_starting_230403/H0/20230328/20230328_061000.WAV","H0",2023-03-28 06:10:00,"06:10:00"
"39","20230328_062000.WAV",1.50713655193504,26.2792600478726,0.797049388601209,"D:/AudioMoth_data/Week_starting_230403/H0/20230328/20230328_062000.WAV","H0",2023-03-28 06:20:00,"06:20:00"
"40","20230328_063000.WAV",1.34070413224963,26.5203697622805,0.899750331112922,"D:/AudioMoth_data/Week_starting_230403/H0/20230328/20230328_063000.WAV","H0",2023-03-28 06:30:00,"06:30:00"
"41","20230328_064000.WAV",1.43672153210702,25.6342485799884,0.882493191988285,"D:/AudioMoth_data/Week_starting_230403/H0/20230328/20230328_064000.WAV","H0",2023-03-28 06:40:00,"06:40:00"
"42","20230328_065000.WAV",1.31727970041527,25.667888583908,0.923908439058084,"D:/AudioMoth_data/Week_starting_230403/H0/20230328/20230328_065000.WAV","H0",2023-03-28 06:50:00,"06:50:00"
"43","20230328_070000.WAV",1.52067644351586,25.4979362179368,0.919498912412614,"D:/AudioMoth_data/Week_starting_230403/H0/20230328/20230328_070000.WAV","H0",2023-03-28 07:00:00,"07:00:00"
"44","20230328_071000.WAV",1.25766840296776,25.8698608870367,0.943684356032657,"D:/AudioMoth_data/Week_starting_230403/H0/20230328/20230328_071000.WAV","H0",2023-03-28 07:10:00,"07:10:00"
"45","20230328_072000.WAV",1.55978842472862,25.3756915901298,0.911284467141351,"D:/AudioMoth_data/Week_starting_230403/H0/20230328/20230328_072000.WAV","H0",2023-03-28 07:20:00,"07:20:00"
"46","20230328_073000.WAV",1.31816384315232,25.7064528169455,0.872845842558155,"D:/AudioMoth_data/Week_starting_230403/H0/20230328/20230328_073000.WAV","H0",2023-03-28 07:30:00,"07:30:00"
"47","20230328_074000.WAV",1.32649127908167,25.893229706204,0.917412138338023,"D:/AudioMoth_data/Week_starting_230403/H0/20230328/20230328_074000.WAV","H0",2023-03-28 07:40:00,"07:40:00"
"48","20230328_075000.WAV",1.43144147206574,25.8781577707979,0.924312178650391,"D:/AudioMoth_data/Week_starting_230403/H0/20230328/20230328_075000.WAV","H0",2023-03-28 07:50:00,"07:50:00"
"49","20230328_080000.WAV",1.47652522808414,25.9584231037769,0.926926101292544,"D:/AudioMoth_data/Week_starting_230403/H0/20230328/20230328_080000.WAV","H0",2023-03-28 08:00:00,"08:00:00"
"50","20230328_081000.WAV",1.29638313730454,27.5667715538963,0.852238403208299,"D:/AudioMoth_data/Week_starting_230403/H0/20230328/20230328_081000.WAV","H0",2023-03-28 08:10:00,"08:10:00"
"51","20230328_082000.WAV",1.02974298382495,27.9778918273623,0.675987737086493,"D:/AudioMoth_data/Week_starting_230403/H0/20230328/20230328_082000.WAV","H0",2023-03-28 08:20:00,"08:20:00"
"52","20230328_083000.WAV",1.5888610001295,25.4320288812044,0.917161642757147,"D:/AudioMoth_data/Week_starting_230403/H0/20230328/20230328_083000.WAV","H0",2023-03-28 08:30:00,"08:30:00"
"53","20230328_084000.WAV",0.941099690821673,26.2883212777582,0.898814703753861,"D:/AudioMoth_data/Week_starting_230403/H0/20230328/20230328_084000.WAV","H0",2023-03-28 08:40:00,"08:40:00"
"54","20230328_085000.WAV",1.08808332103466,26.0818346216412,0.89965204010078,"D:/AudioMoth_data/Week_starting_230403/H0/20230328/20230328_085000.WAV","H0",2023-03-28 08:50:00,"08:50:00"
"55","20230328_090000.WAV",1.14342455697277,26.1269907228884,0.891823338233505,"D:/AudioMoth_data/Week_starting_230403/H0/20230328/20230328_090000.WAV","H0",2023-03-28 09:00:00,"09:00:00"
"56","20230328_091000.WAV",0.972855789789399,26.4025535665663,0.873554645761815,"D:/AudioMoth_data/Week_starting_230403/H0/20230328/20230328_091000.WAV","H0",2023-03-28 09:10:00,"09:10:00"
"57","20230328_092000.WAV",0.92976107613586,26.8166210501523,0.868116670243444,"D:/AudioMoth_data/Week_starting_230403/H0/20230328/20230328_092000.WAV","H0",2023-03-28 09:20:00,"09:20:00"
"58","20230328_093000.WAV",1.23375008761772,26.3382809222557,0.907700873240404,"D:/AudioMoth_data/Week_starting_230403/H0/20230328/20230328_093000.WAV","H0",2023-03-28 09:30:00,"09:30:00"
"59","20230328_094000.WAV",1.20429311613894,26.0766263165149,0.888294996292643,"D:/AudioMoth_data/Week_starting_230403/H0/20230328/20230328_094000.WAV","H0",2023-03-28 09:40:00,"09:40:00"
"60","20230328_095000.WAV",1.72818761846958,25.1537799111538,0.801599668368888,"D:/AudioMoth_data/Week_starting_230403/H0/20230328/20230328_095000.WAV","H0",2023-03-28 09:50:00,"09:50:00"
"61","20230328_100000.WAV",1.47803014364019,25.9718333976661,0.889453992742917,"D:/AudioMoth_data/Week_starting_230403/H0/20230328/20230328_100000.WAV","H0",2023-03-28 10:00:00,"10:00:00"
"62","20230328_101000.WAV",1.13197550866322,25.4572063888959,0.930353021838583,"D:/AudioMoth_data/Week_starting_230403/H0/20230328/20230328_101000.WAV","H0",2023-03-28 10:10:00,"10:10:00"
"63","20230328_102000.WAV",0.822599383915251,26.5550219871054,0.888284681359092,"D:/AudioMoth_data/Week_starting_230403/H0/20230328/20230328_102000.WAV","H0",2023-03-28 10:20:00,"10:20:00"
"64","20230328_103000.WAV",0.827000663841451,25.5063724827279,0.856557814778011,"D:/AudioMoth_data/Week_starting_230403/H0/20230328/20230328_103000.WAV","H0",2023-03-28 10:30:00,"10:30:00"
"65","20230328_104000.WAV",0.781384375254134,25.4986057992584,0.765055271657891,"D:/AudioMoth_data/Week_starting_230403/H0/20230328/20230328_104000.WAV","H0",2023-03-28 10:40:00,"10:40:00"
"66","20230328_105000.WAV",3.95695647364765,26.9381518842248,0.999011967087015,"D:/AudioMoth_data/Week_starting_230403/H0/20230328/20230328_105000.WAV","H0",2023-03-28 10:50:00,"10:50:00"
"67","20230328_110000.WAV",0.956541866019278,25.0597287836023,0.868909261631289,"D:/AudioMoth_data/Week_starting_230403/H0/20230328/20230328_110000.WAV","H0",2023-03-28 11:00:00,"11:00:00"
"68","20230328_111000.WAV",0.938885690935707,25.1420205771271,0.841946743413565,"D:/AudioMoth_data/Week_starting_230403/H0/20230328/20230328_111000.WAV","H0",2023-03-28 11:10:00,"11:10:00"
"69","20230328_112000.WAV",1.11890393723548,25.2800734660665,0.839023220432076,"D:/AudioMoth_data/Week_starting_230403/H0/20230328/20230328_112000.WAV","H0",2023-03-28 11:20:00,"11:20:00"
"70","20230328_113000.WAV",1.08586215449157,25.216267748236,0.857331669382482,"D:/AudioMoth_data/Week_starting_230403/H0/20230328/20230328_113000.WAV","H0",2023-03-28 11:30:00,"11:30:00"
"71","20230328_114000.WAV",1.50413694029953,25.2675652881022,0.879423828378108,"D:/AudioMoth_data/Week_starting_230403/H0/20230328/20230328_114000.WAV","H0",2023-03-28 11:40:00,"11:40:00"
"72","20230328_115000.WAV",1.6489781000246,25.2890870866982,0.906203289476249,"D:/AudioMoth_data/Week_starting_230403/H0/20230328/20230328_115000.WAV","H0",2023-03-28 11:50:00,"11:50:00"
"73","20230328_120000.WAV",2.57384832954144,26.87432736124,0.964388934114716,"D:/AudioMoth_data/Week_starting_230403/H0/20230328/20230328_120000.WAV","H0",2023-03-28 12:00:00,"12:00:00"
"74","20230328_121000.WAV",1.64684848687169,25.3346351759197,0.899404398401738,"D:/AudioMoth_data/Week_starting_230403/H0/20230328/20230328_121000.WAV","H0",2023-03-28 12:10:00,"12:10:00"
"75","20230328_122000.WAV",1.74879383022345,25.2566478951222,0.904908123014038,"D:/AudioMoth_data/Week_starting_230403/H0/20230328/20230328_122000.WAV","H0",2023-03-28 12:20:00,"12:20:00"
"76","20230328_123000.WAV",2.10005382493747,25.2949418576264,0.953520153309505,"D:/AudioMoth_data/Week_starting_230403/H0/20230328/20230328_123000.WAV","H0",2023-03-28 12:30:00,"12:30:00"
"77","20230328_124000.WAV",1.86936787112155,25.2399747960726,0.911923567184413,"D:/AudioMoth_data/Week_starting_230403/H0/20230328/20230328_124000.WAV","H0",2023-03-28 12:40:00,"12:40:00"
"78","20230328_125000.WAV",1.91868427416373,25.242735908942,0.901457550735904,"D:/AudioMoth_data/Week_starting_230403/H0/20230328/20230328_125000.WAV","H0",2023-03-28 12:50:00,"12:50:00"
"79","20230328_130000.WAV",1.98894515922238,25.3203374937925,0.932111331770073,"D:/AudioMoth_data/Week_starting_230403/H0/20230328/20230328_130000.WAV","H0",2023-03-28 13:00:00,"13:00:00"
"80","20230328_131000.WAV",1.92144365718777,25.1559741756621,0.920206395419217,"D:/AudioMoth_data/Week_starting_230403/H0/20230328/20230328_131000.WAV","H0",2023-03-28 13:10:00,"13:10:00"
"81","20230328_132000.WAV",4.55245943956785,27.0930911533656,0.999720802217873,"D:/AudioMoth_data/Week_starting_230403/H0/20230328/20230328_132000.WAV","H0",2023-03-28 13:20:00,"13:20:00"
"82","20230328_133000.WAV",1.78462987139677,25.3663140459199,0.906834971334723,"D:/AudioMoth_data/Week_starting_230403/H0/20230328/20230328_133000.WAV","H0",2023-03-28 13:30:00,"13:30:00"
"83","20230328_134000.WAV",1.58901066619009,26.0028950554242,0.842704137121971,"D:/AudioMoth_data/Week_starting_230403/H0/20230328/20230328_134000.WAV","H0",2023-03-28 13:40:00,"13:40:00"
"84","20230328_135000.WAV",1.72947856697762,25.2923238171067,0.901414576417498,"D:/AudioMoth_data/Week_starting_230403/H0/20230328/20230328_135000.WAV","H0",2023-03-28 13:50:00,"13:50:00"
"85","20230328_140000.WAV",1.80648424119254,25.2509006064862,0.92127345456967,"D:/AudioMoth_data/Week_starting_230403/H0/20230328/20230328_140000.WAV","H0",2023-03-28 14:00:00,"14:00:00"
"86","20230328_141000.WAV",1.9437009879078,25.1851600783671,0.917581219432755,"D:/AudioMoth_data/Week_starting_230403/H0/20230328/20230328_141000.WAV","H0",2023-03-28 14:10:00,"14:10:00"
"87","20230328_142000.WAV",1.92045479432947,25.2789522929475,0.922696606477505,"D:/AudioMoth_data/Week_starting_230403/H0/20230328/20230328_142000.WAV","H0",2023-03-28 14:20:00,"14:20:00"
"88","20230328_143000.WAV",2.05336530358409,25.3266399307648,0.847147945051774,"D:/AudioMoth_data/Week_starting_230403/H0/20230328/20230328_143000.WAV","H0",2023-03-28 14:30:00,"14:30:00"
"89","20230328_144000.WAV",1.68598676529461,25.2246548613534,0.860046598560457,"D:/AudioMoth_data/Week_starting_230403/H0/20230328/20230328_144000.WAV","H0",2023-03-28 14:40:00,"14:40:00"
"90","20230328_145000.WAV",1.67814050863251,25.4447556469386,0.920690525014193,"D:/AudioMoth_data/Week_starting_230403/H0/20230328/20230328_145000.WAV","H0",2023-03-28 14:50:00,"14:50:00"
"91","20230328_150000.WAV",1.98473240468173,25.1818144377985,0.921768285348702,"D:/AudioMoth_data/Week_starting_230403/H0/20230328/20230328_150000.WAV","H0",2023-03-28 15:00:00,"15:00:00"
"92","20230328_151000.WAV",1.86452014689703,25.3626608111712,0.923360108460121,"D:/AudioMoth_data/Week_starting_230403/H0/20230328/20230328_151000.WAV","H0",2023-03-28 15:10:00,"15:10:00"
"93","20230328_152000.WAV",2.05597794444563,25.3372276263056,0.939953386032357,"D:/AudioMoth_data/Week_starting_230403/H0/20230328/20230328_152000.WAV","H0",2023-03-28 15:20:00,"15:20:00"
"94","20230328_153000.WAV",1.61169560390408,25.263180474722,0.922618139605349,"D:/AudioMoth_data/Week_starting_230403/H0/20230328/20230328_153000.WAV","H0",2023-03-28 15:30:00,"15:30:00"
"95","20230328_154000.WAV",1.85067367252334,25.2262870259014,0.92807447483957,"D:/AudioMoth_data/Week_starting_230403/H0/20230328/20230328_154000.WAV","H0",2023-03-28 15:40:00,"15:40:00"
"96","20230328_155000.WAV",1.8472586023849,25.1678021767301,0.928547160876832,"D:/AudioMoth_data/Week_starting_230403/H0/20230328/20230328_155000.WAV","H0",2023-03-28 15:50:00,"15:50:00"
"97","20230328_160000.WAV",1.9485082450154,25.0719204086754,0.941293452059625,"D:/AudioMoth_data/Week_starting_230403/H0/20230328/20230328_160000.WAV","H0",2023-03-28 16:00:00,"16:00:00"
"98","20230328_161000.WAV",1.82584388368365,25.0542661147057,0.949502530982976,"D:/AudioMoth_data/Week_starting_230403/H0/20230328/20230328_161000.WAV","H0",2023-03-28 16:10:00,"16:10:00"
"99","20230328_162000.WAV",1.85303479265394,25.1545347736702,0.919054680361472,"D:/AudioMoth_data/Week_starting_230403/H0/20230328/20230328_162000.WAV","H0",2023-03-28 16:20:00,"16:20:00"
"100","20230328_163000.WAV",1.27875526359635,25.4820258619056,0.930127675565739,"D:/AudioMoth_data/Week_starting_230403/H0/20230328/20230328_163000.WAV","H0",2023-03-28 16:30:00,"16:30:00"
"101","20230328_164000.WAV",1.82272196283439,25.2753809698613,0.928371550880958,"D:/AudioMoth_data/Week_starting_230403/H0/20230328/20230328_164000.WAV","H0",2023-03-28 16:40:00,"16:40:00"
"102","20230328_165000.WAV",1.57550525307045,25.4333567549839,0.931004709523362,"D:/AudioMoth_data/Week_starting_230403/H0/20230328/20230328_165000.WAV","H0",2023-03-28 16:50:00,"16:50:00"
"103","20230328_170000.WAV",2.01249658963352,25.1680145530651,0.929723880234682,"D:/AudioMoth_data/Week_starting_230403/H0/20230328/20230328_170000.WAV","H0",2023-03-28 17:00:00,"17:00:00"
"104","20230328_171000.WAV",2.03335211101713,25.1725607130952,0.927357331717717,"D:/AudioMoth_data/Week_starting_230403/H0/20230328/20230328_171000.WAV","H0",2023-03-28 17:10:00,"17:10:00"
"105","20230328_172000.WAV",1.97936161885511,25.1887915143256,0.921228396416756,"D:/AudioMoth_data/Week_starting_230403/H0/20230328/20230328_172000.WAV","H0",2023-03-28 17:20:00,"17:20:00"
"106","20230328_173000.WAV",1.87162262803996,25.1967965359602,0.923946038725181,"D:/AudioMoth_data/Week_starting_230403/H0/20230328/20230328_173000.WAV","H0",2023-03-28 17:30:00,"17:30:00"
"107","20230328_174000.WAV",1.77016353146751,25.2294141989262,0.925805153931424,"D:/AudioMoth_data/Week_starting_230403/H0/20230328/20230328_174000.WAV","H0",2023-03-28 17:40:00,"17:40:00"
"108","20230328_175000.WAV",1.98718752097944,25.193755830071,0.931498093736533,"D:/AudioMoth_data/Week_starting_230403/H0/20230328/20230328_175000.WAV","H0",2023-03-28 17:50:00,"17:50:00"
"109","20230328_180000.WAV",1.94768914540768,25.1203385402714,0.924895577297713,"D:/AudioMoth_data/Week_starting_230403/H0/20230328/20230328_180000.WAV","H0",2023-03-28 18:00:00,"18:00:00"
"110","20230328_181000.WAV",2.00955196840226,25.1573471584441,0.923487497236114,"D:/AudioMoth_data/Week_starting_230403/H0/20230328/20230328_181000.WAV","H0",2023-03-28 18:10:00,"18:10:00"
"111","20230328_182000.WAV",1.65237884021575,25.1288443505866,0.929541438400589,"D:/AudioMoth_data/Week_starting_230403/H0/20230328/20230328_182000.WAV","H0",2023-03-28 18:20:00,"18:20:00"
"112","20230328_183000.WAV",1.83473146956872,25.1393575064226,0.923156671158171,"D:/AudioMoth_data/Week_starting_230403/H0/20230328/20230328_183000.WAV","H0",2023-03-28 18:30:00,"18:30:00"
"113","20230328_184000.WAV",2.13887778922899,25.2514746576555,0.933757352797919,"D:/AudioMoth_data/Week_starting_230403/H0/20230328/20230328_184000.WAV","H0",2023-03-28 18:40:00,"18:40:00"
"114","20230328_185000.WAV",2.50816272603742,25.1633906995482,0.977290038070554,"D:/AudioMoth_data/Week_starting_230403/H0/20230328/20230328_185000.WAV","H0",2023-03-28 18:50:00,"18:50:00"
"115","20230328_190000.WAV",1.92216289123321,25.1847775159292,0.926946185636039,"D:/AudioMoth_data/Week_starting_230403/H0/20230328/20230328_190000.WAV","H0",2023-03-28 19:00:00,"19:00:00"
"116","20230328_191000.WAV",2.04296185748268,25.217220290896,0.930768292214871,"D:/AudioMoth_data/Week_starting_230403/H0/20230328/20230328_191000.WAV","H0",2023-03-28 19:10:00,"19:10:00"
"117","20230328_192000.WAV",1.95673883357142,25.264750333912,0.932609163006582,"D:/AudioMoth_data/Week_starting_230403/H0/20230328/20230328_192000.WAV","H0",2023-03-28 19:20:00,"19:20:00"
"118","20230328_193000.WAV",1.90790910584081,25.1955014930919,0.921139938707382,"D:/AudioMoth_data/Week_starting_230403/H0/20230328/20230328_193000.WAV","H0",2023-03-28 19:30:00,"19:30:00"
"119","20230328_194000.WAV",1.87368581055461,25.2042866743151,0.925280643777252,"D:/AudioMoth_data/Week_starting_230403/H0/20230328/20230328_194000.WAV","H0",2023-03-28 19:40:00,"19:40:00"
"120","20230328_195000.WAV",1.88483810120345,25.1585876426565,0.923384212336408,"D:/AudioMoth_data/Week_starting_230403/H0/20230328/20230328_195000.WAV","H0",2023-03-28 19:50:00,"19:50:00"
"121","20230328_200000.WAV",1.68506788942516,25.1728501140658,0.925656766645105,"D:/AudioMoth_data/Week_starting_230403/H0/20230328/20230328_200000.WAV","H0",2023-03-28 20:00:00,"20:00:00"
"122","20230328_201000.WAV",1.84066647730412,25.2043568201851,0.925493785975821,"D:/AudioMoth_data/Week_starting_230403/H0/20230328/20230328_201000.WAV","H0",2023-03-28 20:10:00,"20:10:00"
"123","20230328_202000.WAV",1.88430900817228,25.2019403134048,0.914153660464764,"D:/AudioMoth_data/Week_starting_230403/H0/20230328/20230328_202000.WAV","H0",2023-03-28 20:20:00,"20:20:00"
"124","20230328_203000.WAV",1.84938501885412,25.2062899540762,0.931586137235968,"D:/AudioMoth_data/Week_starting_230403/H0/20230328/20230328_203000.WAV","H0",2023-03-28 20:30:00,"20:30:00"
"125","20230328_204000.WAV",1.81950831380842,25.3467884624134,0.930694319538434,"D:/AudioMoth_data/Week_starting_230403/H0/20230328/20230328_204000.WAV","H0",2023-03-28 20:40:00,"20:40:00"
"126","20230328_205000.WAV",1.81232536112924,25.2553655319085,0.927296221101602,"D:/AudioMoth_data/Week_starting_230403/H0/20230328/20230328_205000.WAV","H0",2023-03-28 20:50:00,"20:50:00"
"127","20230328_210000.WAV",1.86882090053135,25.3856609450356,0.927493759537235,"D:/AudioMoth_data/Week_starting_230403/H0/20230328/20230328_210000.WAV","H0",2023-03-28 21:00:00,"21:00:00"
"128","20230328_211000.WAV",2.04570980102254,25.5182657856416,0.950105779502531,"D:/AudioMoth_data/Week_starting_230403/H0/20230328/20230328_211000.WAV","H0",2023-03-28 21:10:00,"21:10:00"
"129","20230328_212000.WAV",1.83033587565678,25.2271291632396,0.922399708924918,"D:/AudioMoth_data/Week_starting_230403/H0/20230328/20230328_212000.WAV","H0",2023-03-28 21:20:00,"21:20:00"
"130","20230328_213000.WAV",1.85420794013785,25.205732811873,0.924106050153184,"D:/AudioMoth_data/Week_starting_230403/H0/20230328/20230328_213000.WAV","H0",2023-03-28 21:30:00,"21:30:00"
"131","20230328_214000.WAV",1.85875142891836,25.1911406772609,0.933838059932542,"D:/AudioMoth_data/Week_starting_230403/H0/20230328/20230328_214000.WAV","H0",2023-03-28 21:40:00,"21:40:00"
"132","20230328_215000.WAV",1.90572737706406,25.1470353662706,0.920985646758786,"D:/AudioMoth_data/Week_starting_230403/H0/20230328/20230328_215000.WAV","H0",2023-03-28 21:50:00,"21:50:00"
"133","20230328_220000.WAV",1.89727794773423,25.1971515843914,0.908833425701319,"D:/AudioMoth_data/Week_starting_230403/H0/20230328/20230328_220000.WAV","H0",2023-03-28 22:00:00,"22:00:00"
"134","20230328_221000.WAV",1.83478384901585,25.242042623812,0.928007224870169,"D:/AudioMoth_data/Week_starting_230403/H0/20230328/20230328_221000.WAV","H0",2023-03-28 22:10:00,"22:10:00"
"135","20230328_222000.WAV",1.84666031935364,25.2020498101153,0.929861024112876,"D:/AudioMoth_data/Week_starting_230403/H0/20230328/20230328_222000.WAV","H0",2023-03-28 22:20:00,"22:20:00"
"136","20230328_223000.WAV",1.89262723803199,25.2756026427456,0.927683788810525,"D:/AudioMoth_data/Week_starting_230403/H0/20230328/20230328_223000.WAV","H0",2023-03-28 22:30:00,"22:30:00"
"137","20230328_224000.WAV",1.88572086034799,25.2232253709801,0.927665508056749,"D:/AudioMoth_data/Week_starting_230403/H0/20230328/20230328_224000.WAV","H0",2023-03-28 22:40:00,"22:40:00"
"138","20230328_225000.WAV",1.84551746154594,25.1890067860782,0.929153872222254,"D:/AudioMoth_data/Week_starting_230403/H0/20230328/20230328_225000.WAV","H0",2023-03-28 22:50:00,"22:50:00"
"139","20230328_230000.WAV",1.86905704026681,25.1249200873612,0.930843322714017,"D:/AudioMoth_data/Week_starting_230403/H0/20230328/20230328_230000.WAV","H0",2023-03-28 23:00:00,"23:00:00"
"140","20230328_231000.WAV",1.86363828156625,25.2023150356419,0.928667006355017,"D:/AudioMoth_data/Week_starting_230403/H0/20230328/20230328_231000.WAV","H0",2023-03-28 23:10:00,"23:10:00"
"141","20230328_232000.WAV",1.881253889373,25.1836803651454,0.920784076243557,"D:/AudioMoth_data/Week_starting_230403/H0/20230328/20230328_232000.WAV","H0",2023-03-28 23:20:00,"23:20:00"
"142","20230328_233000.WAV",1.86407523168907,25.1626143791966,0.928169088489619,"D:/AudioMoth_data/Week_starting_230403/H0/20230328/20230328_233000.WAV","H0",2023-03-28 23:30:00,"23:30:00"
"143","20230328_234000.WAV",1.875570057768,25.2019778387125,0.927921186593988,"D:/AudioMoth_data/Week_starting_230403/H0/20230328/20230328_234000.WAV","H0",2023-03-28 23:40:00,"23:40:00"
"144","20230328_235000.WAV",1.88878700398156,25.1881548159345,0.931338264030454,"D:/AudioMoth_data/Week_starting_230403/H0/20230328/20230328_235000.WAV","H0",2023-03-28 23:50:00,"23:50:00"
"145","20230328_000000.WAV",1.13389141851066,25.2036779159502,-0.0536084187006158,"D:/AudioMoth_data/Week_starting_230403/H1/20230328/20230328_000000.WAV","H1",2023-03-28,NA
"146","20230328_001000.WAV",0.340958909448267,25.4409404950791,0.109153323818096,"D:/AudioMoth_data/Week_starting_230403/H1/20230328/20230328_001000.WAV","H1",2023-03-28 00:10:00,"00:10:00"
"147","20230328_002000.WAV",0.192248002153494,25.2664411047229,0.246426138352185,"D:/AudioMoth_data/Week_starting_230403/H1/20230328/20230328_002000.WAV","H1",2023-03-28 00:20:00,"00:20:00"
"148","20230328_003000.WAV",0.263694186791513,25.4086257359089,0.237444360032401,"D:/AudioMoth_data/Week_starting_230403/H1/20230328/20230328_003000.WAV","H1",2023-03-28 00:30:00,"00:30:00"
"149","20230328_004000.WAV",0.507337562633946,25.7088695175339,0.306656835194946,"D:/AudioMoth_data/Week_starting_230403/H1/20230328/20230328_004000.WAV","H1",2023-03-28 00:40:00,"00:40:00"
"150","20230328_005000.WAV",0.282025966422741,25.200869799702,-0.0252049103351844,"D:/AudioMoth_data/Week_starting_230403/H1/20230328/20230328_005000.WAV","H1",2023-03-28 00:50:00,"00:50:00"
"151","20230328_010000.WAV",0.23015654307161,25.2892963334006,0.0954215876140898,"D:/AudioMoth_data/Week_starting_230403/H1/20230328/20230328_010000.WAV","H1",2023-03-28 01:00:00,"01:00:00"
"152","20230328_011000.WAV",2.22970107208213,25.2138011683676,0.0727174890781396,"D:/AudioMoth_data/Week_starting_230403/H1/20230328/20230328_011000.WAV","H1",2023-03-28 01:10:00,"01:10:00"
"153","20230328_012000.WAV",1.4244364142564,27.9852016709187,0.196138848564837,"D:/AudioMoth_data/Week_starting_230403/H1/20230328/20230328_012000.WAV","H1",2023-03-28 01:20:00,"01:20:00"
"154","20230328_013000.WAV",0.327309784397253,25.2631895314247,-0.00200326675832328,"D:/AudioMoth_data/Week_starting_230403/H1/20230328/20230328_013000.WAV","H1",2023-03-28 01:30:00,"01:30:00"
"155","20230328_014000.WAV",0.330546864539953,25.2275909600373,0.0935828497256639,"D:/AudioMoth_data/Week_starting_230403/H1/20230328/20230328_014000.WAV","H1",2023-03-28 01:40:00,"01:40:00"
"156","20230328_015000.WAV",0.27264813225021,25.3272344837379,0.291119792567418,"D:/AudioMoth_data/Week_starting_230403/H1/20230328/20230328_015000.WAV","H1",2023-03-28 01:50:00,"01:50:00"
"157","20230328_020000.WAV",0.245540329089825,25.2487684401187,0.276976089211624,"D:/AudioMoth_data/Week_starting_230403/H1/20230328/20230328_020000.WAV","H1",2023-03-28 02:00:00,"02:00:00"
"158","20230328_021000.WAV",0.544856698284618,25.554890315539,0.218491243376613,"D:/AudioMoth_data/Week_starting_230403/H1/20230328/20230328_021000.WAV","H1",2023-03-28 02:10:00,"02:10:00"
"159","20230328_022000.WAV",0.0874447186034241,25.2560913807445,0.410449517770267,"D:/AudioMoth_data/Week_starting_230403/H1/20230328/20230328_022000.WAV","H1",2023-03-28 02:20:00,"02:20:00"
"160","20230328_023000.WAV",0.505946879460427,25.5492854659968,0.0316023428526732,"D:/AudioMoth_data/Week_starting_230403/H1/20230328/20230328_023000.WAV","H1",2023-03-28 02:30:00,"02:30:00"
"161","20230328_024000.WAV",0.101115962117147,25.2138535860891,0.208659691963059,"D:/AudioMoth_data/Week_starting_230403/H1/20230328/20230328_024000.WAV","H1",2023-03-28 02:40:00,"02:40:00"
"162","20230328_025000.WAV",0.102493772045894,25.2338324948022,0.200495780371381,"D:/AudioMoth_data/Week_starting_230403/H1/20230328/20230328_025000.WAV","H1",2023-03-28 02:50:00,"02:50:00"
"163","20230328_030000.WAV",1.74530601347918,25.2991508010409,-0.107068593655642,"D:/AudioMoth_data/Week_starting_230403/H1/20230328/20230328_030000.WAV","H1",2023-03-28 03:00:00,"03:00:00"
"164","20230328_031000.WAV",0.928807548702218,25.2231295140008,0.837753715019677,"D:/AudioMoth_data/Week_starting_230403/H1/20230328/20230328_031000.WAV","H1",2023-03-28 03:10:00,"03:10:00"
"165","20230328_032000.WAV",1.42988695656406,25.1020141077982,0.905327978925055,"D:/AudioMoth_data/Week_starting_230403/H1/20230328/20230328_032000.WAV","H1",2023-03-28 03:20:00,"03:20:00"
"166","20230328_033000.WAV",1.55719922057387,25.2873810220358,-0.234922241257053,"D:/AudioMoth_data/Week_starting_230403/H1/20230328/20230328_033000.WAV","H1",2023-03-28 03:30:00,"03:30:00"
"167","20230328_034000.WAV",1.09748172263271,25.0839667630327,0.569411891243701,"D:/AudioMoth_data/Week_starting_230403/H1/20230328/20230328_034000.WAV","H1",2023-03-28 03:40:00,"03:40:00"
"168","20230328_035000.WAV",0.348834119820992,25.1126265835203,-0.210406945186822,"D:/AudioMoth_data/Week_starting_230403/H1/20230328/20230328_035000.WAV","H1",2023-03-28 03:50:00,"03:50:00"
"169","20230328_040000.WAV",1.71412145186568,24.9924023938435,0.579634721217574,"D:/AudioMoth_data/Week_starting_230403/H1/20230328/20230328_040000.WAV","H1",2023-03-28 04:00:00,"04:00:00"
"170","20230328_041000.WAV",1.33617635724512,24.7274465807637,0.439257142813542,"D:/AudioMoth_data/Week_starting_230403/H1/20230328/20230328_041000.WAV","H1",2023-03-28 04:10:00,"04:10:00"
"171","20230328_042000.WAV",2.43365976075739,26.2603527542298,0.691213561465682,"D:/AudioMoth_data/Week_starting_230403/H1/20230328/20230328_042000.WAV","H1",2023-03-28 04:20:00,"04:20:00"
"172","20230328_043000.WAV",3.17198334448775,25.6290441869753,0.75424926044263,"D:/AudioMoth_data/Week_starting_230403/H1/20230328/20230328_043000.WAV","H1",2023-03-28 04:30:00,"04:30:00"
"173","20230328_044000.WAV",1.59168843282477,24.6185319562466,0.688781872508493,"D:/AudioMoth_data/Week_starting_230403/H1/20230328/20230328_044000.WAV","H1",2023-03-28 04:40:00,"04:40:00"
"174","20230328_045000.WAV",2.86831171512094,23.33477636897,0.93519019838412,"D:/AudioMoth_data/Week_starting_230403/H1/20230328/20230328_045000.WAV","H1",2023-03-28 04:50:00,"04:50:00"
"175","20230328_050000.WAV",3.02848312967091,23.716562795129,0.890585895721204,"D:/AudioMoth_data/Week_starting_230403/H1/20230328/20230328_050000.WAV","H1",2023-03-28 05:00:00,"05:00:00"
"176","20230328_051000.WAV",3.87408320189798,24.0884055462688,0.820021435233974,"D:/AudioMoth_data/Week_starting_230403/H1/20230328/20230328_051000.WAV","H1",2023-03-28 05:10:00,"05:10:00"
"177","20230328_052000.WAV",3.77212623384899,23.0819032680631,0.800503850117858,"D:/AudioMoth_data/Week_starting_230403/H1/20230328/20230328_052000.WAV","H1",2023-03-28 05:20:00,"05:20:00"
"178","20230328_053000.WAV",3.37287368678672,23.5281164618094,0.827803182399672,"D:/AudioMoth_data/Week_starting_230403/H1/20230328/20230328_053000.WAV","H1",2023-03-28 05:30:00,"05:30:00"
"179","20230328_054000.WAV",3.12899232969243,24.6508356209701,0.846601832322196,"D:/AudioMoth_data/Week_starting_230403/H1/20230328/20230328_054000.WAV","H1",2023-03-28 05:40:00,"05:40:00"
"180","20230328_055000.WAV",2.27039351492687,27.8803705145181,0.707383155904418,"D:/AudioMoth_data/Week_starting_230403/H1/20230328/20230328_055000.WAV","H1",2023-03-28 05:50:00,"05:50:00"
"181","20230328_060000.WAV",1.56891993149512,25.7810921578512,0.46125901630406,"D:/AudioMoth_data/Week_starting_230403/H1/20230328/20230328_060000.WAV","H1",2023-03-28 06:00:00,"06:00:00"
"182","20230328_061000.WAV",2.34689210128838,25.9132495457814,0.67566771843675,"D:/AudioMoth_data/Week_starting_230403/H1/20230328/20230328_061000.WAV","H1",2023-03-28 06:10:00,"06:10:00"
"183","20230328_062000.WAV",2.11941376979069,27.5726107213646,0.789474782933416,"D:/AudioMoth_data/Week_starting_230403/H1/20230328/20230328_062000.WAV","H1",2023-03-28 06:20:00,"06:20:00"
"184","20230328_063000.WAV",1.47458489079288,26.137011296376,0.262844606433598,"D:/AudioMoth_data/Week_starting_230403/H1/20230328/20230328_063000.WAV","H1",2023-03-28 06:30:00,"06:30:00"
"185","20230328_064000.WAV",1.76953206315767,26.4391736159577,0.386071660684783,"D:/AudioMoth_data/Week_starting_230403/H1/20230328/20230328_064000.WAV","H1",2023-03-28 06:40:00,"06:40:00"
"186","20230328_065000.WAV",2.2370085529825,25.998323199855,0.440973991026018,"D:/AudioMoth_data/Week_starting_230403/H1/20230328/20230328_065000.WAV","H1",2023-03-28 06:50:00,"06:50:00"
"187","20230328_070000.WAV",1.70464670563743,26.2529743848744,0.36278904270455,"D:/AudioMoth_data/Week_starting_230403/H1/20230328/20230328_070000.WAV","H1",2023-03-28 07:00:00,"07:00:00"
"188","20230328_071000.WAV",1.74869851411024,26.2567488228039,0.503629287960574,"D:/AudioMoth_data/Week_starting_230403/H1/20230328/20230328_071000.WAV","H1",2023-03-28 07:10:00,"07:10:00"
"189","20230328_072000.WAV",1.85066108530187,26.0906704904486,0.505842525458671,"D:/AudioMoth_data/Week_starting_230403/H1/20230328/20230328_072000.WAV","H1",2023-03-28 07:20:00,"07:20:00"
"190","20230328_073000.WAV",1.59904334484389,25.2902038206803,0.671316575394402,"D:/AudioMoth_data/Week_starting_230403/H1/20230328/20230328_073000.WAV","H1",2023-03-28 07:30:00,"07:30:00"
"191","20230328_074000.WAV",1.62422177457826,25.0624117971349,0.862843395467782,"D:/AudioMoth_data/Week_starting_230403/H1/20230328/20230328_074000.WAV","H1",2023-03-28 07:40:00,"07:40:00"
"192","20230328_075000.WAV",1.44777773223062,27.424765888545,0.562025704400531,"D:/AudioMoth_data/Week_starting_230403/H1/20230328/20230328_075000.WAV","H1",2023-03-28 07:50:00,"07:50:00"
"193","20230328_080000.WAV",1.14028421542071,28.312492955432,0.516952658304146,"D:/AudioMoth_data/Week_starting_230403/H1/20230328/20230328_080000.WAV","H1",2023-03-28 08:00:00,"08:00:00"
"194","20230328_081000.WAV",0.818579783462618,28.6399176158089,0.274260100523389,"D:/AudioMoth_data/Week_starting_230403/H1/20230328/20230328_081000.WAV","H1",2023-03-28 08:10:00,"08:10:00"
"195","20230328_082000.WAV",1.19014225669352,28.3618808642755,0.633408014414709,"D:/AudioMoth_data/Week_starting_230403/H1/20230328/20230328_082000.WAV","H1",2023-03-28 08:20:00,"08:20:00"
"196","20230328_083000.WAV",1.6511778676955,27.2019071809866,0.782674505996635,"D:/AudioMoth_data/Week_starting_230403/H1/20230328/20230328_083000.WAV","H1",2023-03-28 08:30:00,"08:30:00"
"197","20230328_084000.WAV",1.27516884395891,30.3593190714126,0.718690556856782,"D:/AudioMoth_data/Week_starting_230403/H1/20230328/20230328_084000.WAV","H1",2023-03-28 08:40:00,"08:40:00"
"198","20230328_085000.WAV",1.45569569930921,28.0949307012005,0.854703884541136,"D:/AudioMoth_data/Week_starting_230403/H1/20230328/20230328_085000.WAV","H1",2023-03-28 08:50:00,"08:50:00"
"199","20230328_090000.WAV",1.47558718009024,27.3443106125723,0.527831351568898,"D:/AudioMoth_data/Week_starting_230403/H1/20230328/20230328_090000.WAV","H1",2023-03-28 09:00:00,"09:00:00"
"200","20230328_091000.WAV",1.49358546461397,30.802952565675,0.816392538971148,"D:/AudioMoth_data/Week_starting_230403/H1/20230328/20230328_091000.WAV","H1",2023-03-28 09:10:00,"09:10:00"
"201","20230328_092000.WAV",2.04617828912636,33.1051681509024,0.792064409496061,"D:/AudioMoth_data/Week_starting_230403/H1/20230328/20230328_092000.WAV","H1",2023-03-28 09:20:00,"09:20:00"
"202","20230328_093000.WAV",1.41481466817797,28.0024240052406,0.635537478370056,"D:/AudioMoth_data/Week_starting_230403/H1/20230328/20230328_093000.WAV","H1",2023-03-28 09:30:00,"09:30:00"
"203","20230328_094000.WAV",1.73310706724648,28.2901645403049,0.851586400858674,"D:/AudioMoth_data/Week_starting_230403/H1/20230328/20230328_094000.WAV","H1",2023-03-28 09:40:00,"09:40:00"
"204","20230328_095000.WAV",1.19452313421321,27.7814323213595,0.526084669276662,"D:/AudioMoth_data/Week_starting_230403/H1/20230328/20230328_095000.WAV","H1",2023-03-28 09:50:00,"09:50:00"
"205","20230328_100000.WAV",1.65887377981253,28.2267931596425,0.791694129209649,"D:/AudioMoth_data/Week_starting_230403/H1/20230328/20230328_100000.WAV","H1",2023-03-28 10:00:00,"10:00:00"
"206","20230328_101000.WAV",1.60259305195029,30.3443941834765,0.649556148834623,"D:/AudioMoth_data/Week_starting_230403/H1/20230328/20230328_101000.WAV","H1",2023-03-28 10:10:00,"10:10:00"
"207","20230328_102000.WAV",2.62407944800414,29.0318934187434,0.68366725951112,"D:/AudioMoth_data/Week_starting_230403/H1/20230328/20230328_102000.WAV","H1",2023-03-28 10:20:00,"10:20:00"
"208","20230328_103000.WAV",1.36770049878946,25.6925398328016,0.626674457389396,"D:/AudioMoth_data/Week_starting_230403/H1/20230328/20230328_103000.WAV","H1",2023-03-28 10:30:00,"10:30:00"
"209","20230328_104000.WAV",1.36931480956474,24.9699909556103,0.855001796799753,"D:/AudioMoth_data/Week_starting_230403/H1/20230328/20230328_104000.WAV","H1",2023-03-28 10:40:00,"10:40:00"
"210","20230328_105000.WAV",1.26665658351272,25.220415221025,0.646986585541723,"D:/AudioMoth_data/Week_starting_230403/H1/20230328/20230328_105000.WAV","H1",2023-03-28 10:50:00,"10:50:00"
"211","20230328_110000.WAV",1.32521417968857,26.0026439851367,0.554134509045775,"D:/AudioMoth_data/Week_starting_230403/H1/20230328/20230328_110000.WAV","H1",2023-03-28 11:00:00,"11:00:00"
"212","20230328_111000.WAV",0.903445957884536,25.525608473595,0.594192015004722,"D:/AudioMoth_data/Week_starting_230403/H1/20230328/20230328_111000.WAV","H1",2023-03-28 11:10:00,"11:10:00"
"213","20230328_112000.WAV",2.24104502426093,24.2888720787747,0.988921973735908,"D:/AudioMoth_data/Week_starting_230403/H1/20230328/20230328_112000.WAV","H1",2023-03-28 11:20:00,"11:20:00"
"214","20230328_113000.WAV",1.05438842154449,24.9915683656894,0.648398156505279,"D:/AudioMoth_data/Week_starting_230403/H1/20230328/20230328_113000.WAV","H1",2023-03-28 11:30:00,"11:30:00"
"215","20230328_114000.WAV",1.39051467663053,25.1123354932431,0.871317578614154,"D:/AudioMoth_data/Week_starting_230403/H1/20230328/20230328_114000.WAV","H1",2023-03-28 11:40:00,"11:40:00"
"216","20230328_115000.WAV",0.668510353207319,25.3313336841254,0.534896379015687,"D:/AudioMoth_data/Week_starting_230403/H1/20230328/20230328_115000.WAV","H1",2023-03-28 11:50:00,"11:50:00"
"217","20230328_120000.WAV",0.875477424393968,25.6774628629804,0.543142697734116,"D:/AudioMoth_data/Week_starting_230403/H1/20230328/20230328_120000.WAV","H1",2023-03-28 12:00:00,"12:00:00"
"218","20230328_121000.WAV",1.13244287258893,25.314183916292,0.448665272189588,"D:/AudioMoth_data/Week_starting_230403/H1/20230328/20230328_121000.WAV","H1",2023-03-28 12:10:00,"12:10:00"
"219","20230328_122000.WAV",0.720250413551977,25.2976329601219,0.431261134295607,"D:/AudioMoth_data/Week_starting_230403/H1/20230328/20230328_122000.WAV","H1",2023-03-28 12:20:00,"12:20:00"
"220","20230328_123000.WAV",1.43577122380047,25.7691967708101,0.839202579588698,"D:/AudioMoth_data/Week_starting_230403/H1/20230328/20230328_123000.WAV","H1",2023-03-28 12:30:00,"12:30:00"
"221","20230328_124000.WAV",0.648887104172733,25.0341004752304,0.66805159291446,"D:/AudioMoth_data/Week_starting_230403/H1/20230328/20230328_124000.WAV","H1",2023-03-28 12:40:00,"12:40:00"
"222","20230328_125000.WAV",1.08198174097311,25.3734445875199,0.63482399514829,"D:/AudioMoth_data/Week_starting_230403/H1/20230328/20230328_125000.WAV","H1",2023-03-28 12:50:00,"12:50:00"
"223","20230328_130000.WAV",1.21579286173377,24.3502957613315,0.789939948090052,"D:/AudioMoth_data/Week_starting_230403/H1/20230328/20230328_130000.WAV","H1",2023-03-28 13:00:00,"13:00:00"
"224","20230328_131000.WAV",1.77656494855487,25.3076023047191,0.806470593819235,"D:/AudioMoth_data/Week_starting_230403/H1/20230328/20230328_131000.WAV","H1",2023-03-28 13:10:00,"13:10:00"
"225","20230328_132000.WAV",0.827211711904487,25.4008201342032,0.640816817946331,"D:/AudioMoth_data/Week_starting_230403/H1/20230328/20230328_132000.WAV","H1",2023-03-28 13:20:00,"13:20:00"
"226","20230328_133000.WAV",1.13498229526223,25.7875743228014,0.714434477750961,"D:/AudioMoth_data/Week_starting_230403/H1/20230328/20230328_133000.WAV","H1",2023-03-28 13:30:00,"13:30:00"
"227","20230328_134000.WAV",1.37814684932037,25.4887121524103,0.866860467964279,"D:/AudioMoth_data/Week_starting_230403/H1/20230328/20230328_134000.WAV","H1",2023-03-28 13:40:00,"13:40:00"
"228","20230328_135000.WAV",1.33871166275606,24.78330176285,0.632153263527786,"D:/AudioMoth_data/Week_starting_230403/H1/20230328/20230328_135000.WAV","H1",2023-03-28 13:50:00,"13:50:00"
"229","20230328_140000.WAV",2.1510578860408,23.8417199661646,0.964444508014967,"D:/AudioMoth_data/Week_starting_230403/H1/20230328/20230328_140000.WAV","H1",2023-03-28 14:00:00,"14:00:00"
"230","20230328_141000.WAV",1.1447403903996,25.6261142699839,0.647238986186876,"D:/AudioMoth_data/Week_starting_230403/H1/20230328/20230328_141000.WAV","H1",2023-03-28 14:10:00,"14:10:00"
"231","20230328_142000.WAV",2.22650062422513,25.3412229783664,0.91171599670205,"D:/AudioMoth_data/Week_starting_230403/H1/20230328/20230328_142000.WAV","H1",2023-03-28 14:20:00,"14:20:00"
"232","20230328_143000.WAV",2.09289045152116,25.1361974792432,0.863265065323396,"D:/AudioMoth_data/Week_starting_230403/H1/20230328/20230328_143000.WAV","H1",2023-03-28 14:30:00,"14:30:00"
"233","20230328_144000.WAV",1.91526771338413,25.4525119015532,0.762896465471056,"D:/AudioMoth_data/Week_starting_230403/H1/20230328/20230328_144000.WAV","H1",2023-03-28 14:40:00,"14:40:00"
"234","20230328_145000.WAV",1.28740012945009,25.7924383996411,0.751300299827556,"D:/AudioMoth_data/Week_starting_230403/H1/20230328/20230328_145000.WAV","H1",2023-03-28 14:50:00,"14:50:00"
"235","20230328_150000.WAV",0.854163889361078,26.4290865263156,0.69485049656845,"D:/AudioMoth_data/Week_starting_230403/H1/20230328/20230328_150000.WAV","H1",2023-03-28 15:00:00,"15:00:00"
"236","20230328_151000.WAV",2.09358392694515,24.7750077266015,0.72343319030104,"D:/AudioMoth_data/Week_starting_230403/H1/20230328/20230328_151000.WAV","H1",2023-03-28 15:10:00,"15:10:00"
"237","20230328_152000.WAV",2.18968495454459,25.5954634032836,0.680949236504569,"D:/AudioMoth_data/Week_starting_230403/H1/20230328/20230328_152000.WAV","H1",2023-03-28 15:20:00,"15:20:00"
"238","20230328_153000.WAV",1.39874314165994,25.6185736397167,0.639894914655785,"D:/AudioMoth_data/Week_starting_230403/H1/20230328/20230328_153000.WAV","H1",2023-03-28 15:30:00,"15:30:00"
"239","20230328_154000.WAV",1.35992739667005,25.2461084683049,0.801339265298776,"D:/AudioMoth_data/Week_starting_230403/H1/20230328/20230328_154000.WAV","H1",2023-03-28 15:40:00,"15:40:00"
"240","20230328_155000.WAV",2.3261374197028,24.7115224327639,0.954495972002963,"D:/AudioMoth_data/Week_starting_230403/H1/20230328/20230328_155000.WAV","H1",2023-03-28 15:50:00,"15:50:00"
"241","20230328_160000.WAV",1.68786826749249,25.4267275620442,0.710031856957947,"D:/AudioMoth_data/Week_starting_230403/H1/20230328/20230328_160000.WAV","H1",2023-03-28 16:00:00,"16:00:00"
"242","20230328_161000.WAV",1.66650672103004,25.309113821019,0.513591167126892,"D:/AudioMoth_data/Week_starting_230403/H1/20230328/20230328_161000.WAV","H1",2023-03-28 16:10:00,"16:10:00"
"243","20230328_162000.WAV",2.05689436520532,25.6109307467829,0.719053218021895,"D:/AudioMoth_data/Week_starting_230403/H1/20230328/20230328_162000.WAV","H1",2023-03-28 16:20:00,"16:20:00"
"244","20230328_163000.WAV",1.53961691929729,25.7805373748767,0.663561362518121,"D:/AudioMoth_data/Week_starting_230403/H1/20230328/20230328_163000.WAV","H1",2023-03-28 16:30:00,"16:30:00"
"245","20230328_164000.WAV",1.10118180498992,25.4514460456431,0.772169440774082,"D:/AudioMoth_data/Week_starting_230403/H1/20230328/20230328_164000.WAV","H1",2023-03-28 16:40:00,"16:40:00"
"246","20230328_165000.WAV",1.85121372085338,24.9193965918191,0.670510799092824,"D:/AudioMoth_data/Week_starting_230403/H1/20230328/20230328_165000.WAV","H1",2023-03-28 16:50:00,"16:50:00"
"247","20230328_170000.WAV",1.33387067234181,25.1333307418105,0.742396035755607,"D:/AudioMoth_data/Week_starting_230403/H1/20230328/20230328_170000.WAV","H1",2023-03-28 17:00:00,"17:00:00"
"248","20230328_171000.WAV",2.04784257227828,25.1357412583204,0.513600340375149,"D:/AudioMoth_data/Week_starting_230403/H1/20230328/20230328_171000.WAV","H1",2023-03-28 17:10:00,"17:10:00"
"249","20230328_172000.WAV",1.96474113136398,25.2366181910927,0.539395248723727,"D:/AudioMoth_data/Week_starting_230403/H1/20230328/20230328_172000.WAV","H1",2023-03-28 17:20:00,"17:20:00"
"250","20230328_173000.WAV",2.09880186437784,24.4450589294715,0.665526512189781,"D:/AudioMoth_data/Week_starting_230403/H1/20230328/20230328_173000.WAV","H1",2023-03-28 17:30:00,"17:30:00"
"251","20230328_174000.WAV",2.46453773259177,25.0926045041048,0.960404663407643,"D:/AudioMoth_data/Week_starting_230403/H1/20230328/20230328_174000.WAV","H1",2023-03-28 17:40:00,"17:40:00"
"252","20230328_175000.WAV",1.9996251569522,24.3949394817879,0.915361709373686,"D:/AudioMoth_data/Week_starting_230403/H1/20230328/20230328_175000.WAV","H1",2023-03-28 17:50:00,"17:50:00"
"253","20230328_180000.WAV",2.43798842442737,24.7226816529405,0.803957996498786,"D:/AudioMoth_data/Week_starting_230403/H1/20230328/20230328_180000.WAV","H1",2023-03-28 18:00:00,"18:00:00"
"254","20230328_181000.WAV",0.940850476231517,26.5336003695382,0.701121247809399,"D:/AudioMoth_data/Week_starting_230403/H1/20230328/20230328_181000.WAV","H1",2023-03-28 18:10:00,"18:10:00"
"255","20230328_182000.WAV",2.04170404162348,24.753827590432,0.737051076674512,"D:/AudioMoth_data/Week_starting_230403/H1/20230328/20230328_182000.WAV","H1",2023-03-28 18:20:00,"18:20:00"
"256","20230328_183000.WAV",1.31322413781712,25.4640703648915,0.508993887619877,"D:/AudioMoth_data/Week_starting_230403/H1/20230328/20230328_183000.WAV","H1",2023-03-28 18:30:00,"18:30:00"
"257","20230328_184000.WAV",1.34138547801874,25.8582904175998,0.305410667643295,"D:/AudioMoth_data/Week_starting_230403/H1/20230328/20230328_184000.WAV","H1",2023-03-28 18:40:00,"18:40:00"
"258","20230328_185000.WAV",0.872413244059504,25.0894890491053,0.498929583032834,"D:/AudioMoth_data/Week_starting_230403/H1/20230328/20230328_185000.WAV","H1",2023-03-28 18:50:00,"18:50:00"
"259","20230328_190000.WAV",0.810445615789508,24.9827280935717,0.705652328036238,"D:/AudioMoth_data/Week_starting_230403/H1/20230328/20230328_190000.WAV","H1",2023-03-28 19:00:00,"19:00:00"
"260","20230328_191000.WAV",1.10789646454735,25.5636616941222,0.557178206005973,"D:/AudioMoth_data/Week_starting_230403/H1/20230328/20230328_191000.WAV","H1",2023-03-28 19:10:00,"19:10:00"
"261","20230328_192000.WAV",0.356414304274887,25.4009146637176,0.0169725451066941,"D:/AudioMoth_data/Week_starting_230403/H1/20230328/20230328_192000.WAV","H1",2023-03-28 19:20:00,"19:20:00"
"262","20230328_193000.WAV",0.878650868181565,25.2206260202496,4.01008995334872e-05,"D:/AudioMoth_data/Week_starting_230403/H1/20230328/20230328_193000.WAV","H1",2023-03-28 19:30:00,"19:30:00"
"263","20230328_194000.WAV",0.762459259947596,25.3529457280916,-0.219186605254761,"D:/AudioMoth_data/Week_starting_230403/H1/20230328/20230328_194000.WAV","H1",2023-03-28 19:40:00,"19:40:00"
"264","20230328_195000.WAV",0.512762985550678,25.2951691443028,-0.203442079359896,"D:/AudioMoth_data/Week_starting_230403/H1/20230328/20230328_195000.WAV","H1",2023-03-28 19:50:00,"19:50:00"
"265","20230328_200000.WAV",1.65067313963528,25.0824319908015,0.411807120114475,"D:/AudioMoth_data/Week_starting_230403/H1/20230328/20230328_200000.WAV","H1",2023-03-28 20:00:00,"20:00:00"
"266","20230328_201000.WAV",0.817781509190287,25.3769088722156,0.155257558302573,"D:/AudioMoth_data/Week_starting_230403/H1/20230328/20230328_201000.WAV","H1",2023-03-28 20:10:00,"20:10:00"
"267","20230328_202000.WAV",0.7745738347181,25.2620908743744,0.169209921203905,"D:/AudioMoth_data/Week_starting_230403/H1/20230328/20230328_202000.WAV","H1",2023-03-28 20:20:00,"20:20:00"
"268","20230328_203000.WAV",0.52651632449488,25.4997924036004,0.492647537019333,"D:/AudioMoth_data/Week_starting_230403/H1/20230328/20230328_203000.WAV","H1",2023-03-28 20:30:00,"20:30:00"
"269","20230328_204000.WAV",0.540486406070407,25.71844032014,0.466837257160504,"D:/AudioMoth_data/Week_starting_230403/H1/20230328/20230328_204000.WAV","H1",2023-03-28 20:40:00,"20:40:00"
"270","20230328_205000.WAV",0.584074590558198,26.1236736624967,0.534836491472091,"D:/AudioMoth_data/Week_starting_230403/H1/20230328/20230328_205000.WAV","H1",2023-03-28 20:50:00,"20:50:00"
"271","20230328_210000.WAV",1.12199166832097,25.8062934348966,0.735903841194236,"D:/AudioMoth_data/Week_starting_230403/H1/20230328/20230328_210000.WAV","H1",2023-03-28 21:00:00,"21:00:00"
"272","20230328_211000.WAV",0.825742887204741,26.4908885151403,0.657540599477901,"D:/AudioMoth_data/Week_starting_230403/H1/20230328/20230328_211000.WAV","H1",2023-03-28 21:10:00,"21:10:00"
"273","20230328_212000.WAV",1.15238010099886,25.8287156511511,0.723099841484881,"D:/AudioMoth_data/Week_starting_230403/H1/20230328/20230328_212000.WAV","H1",2023-03-28 21:20:00,"21:20:00"
"274","20230328_213000.WAV",0.507362363478679,25.4342220053329,0.480833778537077,"D:/AudioMoth_data/Week_starting_230403/H1/20230328/20230328_213000.WAV","H1",2023-03-28 21:30:00,"21:30:00"
"275","20230328_214000.WAV",0.646426599257357,25.5547524199257,0.608023816397906,"D:/AudioMoth_data/Week_starting_230403/H1/20230328/20230328_214000.WAV","H1",2023-03-28 21:40:00,"21:40:00"
"276","20230328_215000.WAV",0.509837822409144,25.3089488859562,0.44046018406706,"D:/AudioMoth_data/Week_starting_230403/H1/20230328/20230328_215000.WAV","H1",2023-03-28 21:50:00,"21:50:00"
"277","20230328_220000.WAV",0.616879923703101,25.2923850878266,0.404485867486649,"D:/AudioMoth_data/Week_starting_230403/H1/20230328/20230328_220000.WAV","H1",2023-03-28 22:00:00,"22:00:00"
"278","20230328_221001.WAV",0.564161364154347,25.7866360345193,0.657314363183983,"D:/AudioMoth_data/Week_starting_230403/H1/20230328/20230328_221001.WAV","H1",2023-03-28 22:10:01,"22:10:01"
"279","20230328_222000.WAV",0.453755200344681,25.5174935168619,0.533242893917049,"D:/AudioMoth_data/Week_starting_230403/H1/20230328/20230328_222000.WAV","H1",2023-03-28 22:20:00,"22:20:00"
"280","20230328_223000.WAV",1.19871410738921,25.3849046428291,0.684216681456703,"D:/AudioMoth_data/Week_starting_230403/H1/20230328/20230328_223000.WAV","H1",2023-03-28 22:30:00,"22:30:00"
"281","20230328_224000.WAV",0.405766827099207,25.4462707131844,0.516952295303266,"D:/AudioMoth_data/Week_starting_230403/H1/20230328/20230328_224000.WAV","H1",2023-03-28 22:40:00,"22:40:00"
"282","20230328_225000.WAV",0.353153879124708,25.9130994724567,0.576367485519357,"D:/AudioMoth_data/Week_starting_230403/H1/20230328/20230328_225000.WAV","H1",2023-03-28 22:50:00,"22:50:00"
"283","20230328_230000.WAV",0.453061366103757,25.7261551013063,0.597622886032544,"D:/AudioMoth_data/Week_starting_230403/H1/20230328/20230328_230000.WAV","H1",2023-03-28 23:00:00,"23:00:00"
"284","20230328_231000.WAV",0.462978673214244,25.4263546657429,0.555195285539892,"D:/AudioMoth_data/Week_starting_230403/H1/20230328/20230328_231000.WAV","H1",2023-03-28 23:10:00,"23:10:00"
"285","20230328_232000.WAV",0.661919891525162,25.3905916117236,0.57259183749081,"D:/AudioMoth_data/Week_starting_230403/H1/20230328/20230328_232000.WAV","H1",2023-03-28 23:20:00,"23:20:00"
"286","20230328_233000.WAV",0.40665200215025,25.413922021093,0.532837584027821,"D:/AudioMoth_data/Week_starting_230403/H1/20230328/20230328_233000.WAV","H1",2023-03-28 23:30:00,"23:30:00"
"287","20230328_234000.WAV",1.30500917513854,25.5546954571262,0.769756333087507,"D:/AudioMoth_data/Week_starting_230403/H1/20230328/20230328_234000.WAV","H1",2023-03-28 23:40:00,"23:40:00"
"288","20230328_235000.WAV",0.252276338548912,25.2244703622079,0.538809804043325,"D:/AudioMoth_data/Week_starting_230403/H1/20230328/20230328_235000.WAV","H1",2023-03-28 23:50:00,"23:50:00"
"289","20230328_000000.WAV",0.372503824152357,25.2651776530673,0.483439538002933,"D:/AudioMoth_data/Week_starting_230403/H2/20230328/20230328_000000.WAV","H2",2023-03-28,NA
"290","20230328_001000.WAV",0.650227357805416,25.1912800968792,0.400811441614248,"D:/AudioMoth_data/Week_starting_230403/H2/20230328/20230328_001000.WAV","H2",2023-03-28 00:10:00,"00:10:00"
"291","20230328_002000.WAV",1.0862170287929,25.2037812201724,0.411801910490446,"D:/AudioMoth_data/Week_starting_230403/H2/20230328/20230328_002000.WAV","H2",2023-03-28 00:20:00,"00:20:00"
"292","20230328_003000.WAV",0.835576955606351,25.1455027251644,0.470825763790869,"D:/AudioMoth_data/Week_starting_230403/H2/20230328/20230328_003000.WAV","H2",2023-03-28 00:30:00,"00:30:00"
"293","20230328_004000.WAV",0.966792168723307,25.1831205318521,0.343081529538621,"D:/AudioMoth_data/Week_starting_230403/H2/20230328/20230328_004000.WAV","H2",2023-03-28 00:40:00,"00:40:00"
"294","20230328_005000.WAV",0.228300967243981,25.2138034413361,0.513985704652103,"D:/AudioMoth_data/Week_starting_230403/H2/20230328/20230328_005000.WAV","H2",2023-03-28 00:50:00,"00:50:00"
"295","20230328_010000.WAV",0.977152836439387,25.2062451601236,0.552427723626904,"D:/AudioMoth_data/Week_starting_230403/H2/20230328/20230328_010000.WAV","H2",2023-03-28 01:00:00,"01:00:00"
"296","20230328_011000.WAV",0.942406575034869,25.1093860536591,0.443143535438874,"D:/AudioMoth_data/Week_starting_230403/H2/20230328/20230328_011000.WAV","H2",2023-03-28 01:10:00,"01:10:00"
"297","20230328_012000.WAV",0.921063158753009,28.6569705967407,0.743674629416317,"D:/AudioMoth_data/Week_starting_230403/H2/20230328/20230328_012000.WAV","H2",2023-03-28 01:20:00,"01:20:00"
"298","20230328_013000.WAV",0.900482793771816,25.1536675044686,0.493493662834318,"D:/AudioMoth_data/Week_starting_230403/H2/20230328/20230328_013000.WAV","H2",2023-03-28 01:30:00,"01:30:00"
"299","20230328_014000.WAV",1.02791577130699,25.2015063659148,0.660661835684851,"D:/AudioMoth_data/Week_starting_230403/H2/20230328/20230328_014000.WAV","H2",2023-03-28 01:40:00,"01:40:00"
"300","20230328_015000.WAV",0.833529441159396,25.1490239173864,0.622936263712215,"D:/AudioMoth_data/Week_starting_230403/H2/20230328/20230328_015000.WAV","H2",2023-03-28 01:50:00,"01:50:00"
"301","20230328_020000.WAV",0.217477447722059,25.285336933335,0.630164208514147,"D:/AudioMoth_data/Week_starting_230403/H2/20230328/20230328_020000.WAV","H2",2023-03-28 02:00:00,"02:00:00"
"302","20230328_021000.WAV",0.844452920121569,25.2237397748456,0.488925584878135,"D:/AudioMoth_data/Week_starting_230403/H2/20230328/20230328_021000.WAV","H2",2023-03-28 02:10:00,"02:10:00"
"303","20230328_022000.WAV",1.48850558134137,25.201578072174,0.437151983766504,"D:/AudioMoth_data/Week_starting_230403/H2/20230328/20230328_022000.WAV","H2",2023-03-28 02:20:00,"02:20:00"
"304","20230328_023000.WAV",0.255508685771545,25.1924654063694,0.563810974952381,"D:/AudioMoth_data/Week_starting_230403/H2/20230328/20230328_023000.WAV","H2",2023-03-28 02:30:00,"02:30:00"
"305","20230328_024000.WAV",0.941312626128185,25.175489740719,0.426729094144236,"D:/AudioMoth_data/Week_starting_230403/H2/20230328/20230328_024000.WAV","H2",2023-03-28 02:40:00,"02:40:00"
"306","20230328_025000.WAV",0.132250911165661,25.2560992738255,0.65723913251306,"D:/AudioMoth_data/Week_starting_230403/H2/20230328/20230328_025000.WAV","H2",2023-03-28 02:50:00,"02:50:00"
"307","20230328_030000.WAV",0.921905834310994,25.1482846337454,0.56835940107977,"D:/AudioMoth_data/Week_starting_230403/H2/20230328/20230328_030000.WAV","H2",2023-03-28 03:00:00,"03:00:00"
"308","20230328_031000.WAV",0.099599303714511,25.1293582436138,0.655086876444346,"D:/AudioMoth_data/Week_starting_230403/H2/20230328/20230328_031000.WAV","H2",2023-03-28 03:10:00,"03:10:00"
"309","20230328_032000.WAV",1.2562128340702,25.315092028169,0.399843857185288,"D:/AudioMoth_data/Week_starting_230403/H2/20230328/20230328_032000.WAV","H2",2023-03-28 03:20:00,"03:20:00"
"310","20230328_033000.WAV",0.753686121007587,25.1595053410611,0.515015999526089,"D:/AudioMoth_data/Week_starting_230403/H2/20230328/20230328_033000.WAV","H2",2023-03-28 03:30:00,"03:30:00"
"311","20230328_034000.WAV",0.583507392450772,25.198368653354,0.68040520187084,"D:/AudioMoth_data/Week_starting_230403/H2/20230328/20230328_034000.WAV","H2",2023-03-28 03:40:00,"03:40:00"
"312","20230328_035000.WAV",1.53536583026522,25.0469334009284,0.645623169654946,"D:/AudioMoth_data/Week_starting_230403/H2/20230328/20230328_035000.WAV","H2",2023-03-28 03:50:00,"03:50:00"
"313","20230328_040000.WAV",1.90192864880007,26.2631917571873,0.639968745870866,"D:/AudioMoth_data/Week_starting_230403/H2/20230328/20230328_040000.WAV","H2",2023-03-28 04:00:00,"04:00:00"
"314","20230328_041000.WAV",1.09081489422279,25.038690583208,0.449219822722805,"D:/AudioMoth_data/Week_starting_230403/H2/20230328/20230328_041000.WAV","H2",2023-03-28 04:10:00,"04:10:00"
"315","20230328_042000.WAV",1.79083889995821,24.7699469951954,0.83596253283002,"D:/AudioMoth_data/Week_starting_230403/H2/20230328/20230328_042000.WAV","H2",2023-03-28 04:20:00,"04:20:00"
"316","20230328_043000.WAV",2.03365550699731,25.2746001303662,0.646086975486413,"D:/AudioMoth_data/Week_starting_230403/H2/20230328/20230328_043000.WAV","H2",2023-03-28 04:30:00,"04:30:00"
"317","20230328_044000.WAV",1.55577078950005,25.0193218475107,0.517715828628637,"D:/AudioMoth_data/Week_starting_230403/H2/20230328/20230328_044000.WAV","H2",2023-03-28 04:40:00,"04:40:00"
"318","20230328_045000.WAV",1.9567512208087,25.0724166508182,0.443882404538486,"D:/AudioMoth_data/Week_starting_230403/H2/20230328/20230328_045000.WAV","H2",2023-03-28 04:50:00,"04:50:00"
"319","20230328_050000.WAV",1.57962895548052,25.3882043723493,0.623172106292565,"D:/AudioMoth_data/Week_starting_230403/H2/20230328/20230328_050000.WAV","H2",2023-03-28 05:00:00,"05:00:00"
"320","20230328_051000.WAV",1.97378023884443,24.9018436033996,0.75230531738579,"D:/AudioMoth_data/Week_starting_230403/H2/20230328/20230328_051000.WAV","H2",2023-03-28 05:10:00,"05:10:00"
"321","20230328_052000.WAV",1.55030567735472,25.0939559753881,0.438763588764494,"D:/AudioMoth_data/Week_starting_230403/H2/20230328/20230328_052000.WAV","H2",2023-03-28 05:20:00,"05:20:00"
"322","20230328_053000.WAV",2.7192415365474,24.6060603077738,0.822482994024079,"D:/AudioMoth_data/Week_starting_230403/H2/20230328/20230328_053000.WAV","H2",2023-03-28 05:30:00,"05:30:00"
"323","20230328_054000.WAV",1.7878098442997,26.0448843315747,0.666355935275924,"D:/AudioMoth_data/Week_starting_230403/H2/20230328/20230328_054000.WAV","H2",2023-03-28 05:40:00,"05:40:00"
"324","20230328_055000.WAV",1.72619049252333,26.4087679099034,0.673813145629761,"D:/AudioMoth_data/Week_starting_230403/H2/20230328/20230328_055000.WAV","H2",2023-03-28 05:50:00,"05:50:00"
"325","20230328_060000.WAV",1.87055164666451,25.4127813947575,0.624662007965161,"D:/AudioMoth_data/Week_starting_230403/H2/20230328/20230328_060000.WAV","H2",2023-03-28 06:00:00,"06:00:00"
"326","20230328_061000.WAV",1.96792844912651,25.2066223358138,0.847142611348609,"D:/AudioMoth_data/Week_starting_230403/H2/20230328/20230328_061000.WAV","H2",2023-03-28 06:10:00,"06:10:00"
"327","20230328_062000.WAV",1.63254933528267,26.9453461513379,0.786759610181486,"D:/AudioMoth_data/Week_starting_230403/H2/20230328/20230328_062000.WAV","H2",2023-03-28 06:20:00,"06:20:00"
"328","20230328_063000.WAV",1.71831163466754,26.6232013648472,0.817055941374624,"D:/AudioMoth_data/Week_starting_230403/H2/20230328/20230328_063000.WAV","H2",2023-03-28 06:30:00,"06:30:00"
"329","20230328_064000.WAV",1.64151724695281,26.0099315545381,0.796128306304869,"D:/AudioMoth_data/Week_starting_230403/H2/20230328/20230328_064000.WAV","H2",2023-03-28 06:40:00,"06:40:00"
"330","20230328_065000.WAV",1.55850407195691,27.5105644218196,0.787215247723662,"D:/AudioMoth_data/Week_starting_230403/H2/20230328/20230328_065000.WAV","H2",2023-03-28 06:50:00,"06:50:00"
"331","20230328_070000.WAV",1.44541746327682,25.9155900319498,0.711773891882293,"D:/AudioMoth_data/Week_starting_230403/H2/20230328/20230328_070000.WAV","H2",2023-03-28 07:00:00,"07:00:00"
"332","20230328_071000.WAV",1.91286486958784,25.8905418374776,0.811340220656382,"D:/AudioMoth_data/Week_starting_230403/H2/20230328/20230328_071000.WAV","H2",2023-03-28 07:10:00,"07:10:00"
"333","20230328_072000.WAV",1.40819848087249,25.7552092704081,0.779489506019584,"D:/AudioMoth_data/Week_starting_230403/H2/20230328/20230328_072000.WAV","H2",2023-03-28 07:20:00,"07:20:00"
"334","20230328_073000.WAV",1.19637216633261,26.535258522985,0.694362310601523,"D:/AudioMoth_data/Week_starting_230403/H2/20230328/20230328_073000.WAV","H2",2023-03-28 07:30:00,"07:30:00"
"335","20230328_074000.WAV",1.50976925219461,26.2329165429061,0.749052079813317,"D:/AudioMoth_data/Week_starting_230403/H2/20230328/20230328_074000.WAV","H2",2023-03-28 07:40:00,"07:40:00"
"336","20230328_075000.WAV",1.67385185042106,25.7945491577908,0.81588589208584,"D:/AudioMoth_data/Week_starting_230403/H2/20230328/20230328_075000.WAV","H2",2023-03-28 07:50:00,"07:50:00"
"337","20230328_080000.WAV",0.934817997091186,25.9006102638146,0.897094457638203,"D:/AudioMoth_data/Week_starting_230403/H2/20230328/20230328_080000.WAV","H2",2023-03-28 08:00:00,"08:00:00"
"338","20230328_081000.WAV",1.27334121536778,28.3481460354675,0.851710218683254,"D:/AudioMoth_data/Week_starting_230403/H2/20230328/20230328_081000.WAV","H2",2023-03-28 08:10:00,"08:10:00"
"339","20230328_082000.WAV",1.25784288434059,27.3326324135768,0.826243494657738,"D:/AudioMoth_data/Week_starting_230403/H2/20230328/20230328_082000.WAV","H2",2023-03-28 08:20:00,"08:20:00"
"340","20230328_083000.WAV",1.40750770885598,26.350487005279,0.817620770967933,"D:/AudioMoth_data/Week_starting_230403/H2/20230328/20230328_083000.WAV","H2",2023-03-28 08:30:00,"08:30:00"
"341","20230328_084000.WAV",1.35875619594407,26.1406739911885,0.879835173728894,"D:/AudioMoth_data/Week_starting_230403/H2/20230328/20230328_084000.WAV","H2",2023-03-28 08:40:00,"08:40:00"
"342","20230328_085000.WAV",1.50090765717666,26.041306554742,0.790131761200984,"D:/AudioMoth_data/Week_starting_230403/H2/20230328/20230328_085000.WAV","H2",2023-03-28 08:50:00,"08:50:00"
"343","20230328_090000.WAV",1.46715990224039,26.6486106134486,0.789427744574871,"D:/AudioMoth_data/Week_starting_230403/H2/20230328/20230328_090000.WAV","H2",2023-03-28 09:00:00,"09:00:00"
"344","20230328_091000.WAV",1.17082119613522,27.5777419814036,0.859249584615495,"D:/AudioMoth_data/Week_starting_230403/H2/20230328/20230328_091000.WAV","H2",2023-03-28 09:10:00,"09:10:00"
"345","20230328_092000.WAV",1.39705256265225,26.3330100609925,0.806162974079008,"D:/AudioMoth_data/Week_starting_230403/H2/20230328/20230328_092000.WAV","H2",2023-03-28 09:20:00,"09:20:00"
"346","20230328_093000.WAV",1.64569150097123,25.1879229923523,0.906304467395531,"D:/AudioMoth_data/Week_starting_230403/H2/20230328/20230328_093000.WAV","H2",2023-03-28 09:30:00,"09:30:00"
"347","20230328_094000.WAV",1.0373243474773,25.8927767154069,0.926951977263795,"D:/AudioMoth_data/Week_starting_230403/H2/20230328/20230328_094000.WAV","H2",2023-03-28 09:40:00,"09:40:00"
"348","20230328_095000.WAV",1.26759939047395,25.9189604570454,0.857377482132039,"D:/AudioMoth_data/Week_starting_230403/H2/20230328/20230328_095000.WAV","H2",2023-03-28 09:50:00,"09:50:00"
"349","20230328_100000.WAV",1.43431953644415,25.7477198267951,0.791816821635024,"D:/AudioMoth_data/Week_starting_230403/H2/20230328/20230328_100000.WAV","H2",2023-03-28 10:00:00,"10:00:00"
"350","20230328_101000.WAV",1.07649341168029,26.5582179354236,0.806460227707296,"D:/AudioMoth_data/Week_starting_230403/H2/20230328/20230328_101000.WAV","H2",2023-03-28 10:10:00,"10:10:00"
"351","20230328_102000.WAV",1.31248438457233,26.4809548257565,0.83486325607984,"D:/AudioMoth_data/Week_starting_230403/H2/20230328/20230328_102000.WAV","H2",2023-03-28 10:20:00,"10:20:00"
"352","20230328_103000.WAV",1.77132516750361,25.7284590024738,0.803372780863825,"D:/AudioMoth_data/Week_starting_230403/H2/20230328/20230328_103000.WAV","H2",2023-03-28 10:30:00,"10:30:00"
"353","20230328_104000.WAV",1.68919810144141,25.2369664513222,0.691384630391265,"D:/AudioMoth_data/Week_starting_230403/H2/20230328/20230328_104000.WAV","H2",2023-03-28 10:40:00,"10:40:00"
"354","20230328_105000.WAV",1.7749500139707,25.3333762263666,0.726641554329662,"D:/AudioMoth_data/Week_starting_230403/H2/20230328/20230328_105000.WAV","H2",2023-03-28 10:50:00,"10:50:00"
"355","20230328_110000.WAV",1.86377763887125,25.2782828428149,0.664422275108434,"D:/AudioMoth_data/Week_starting_230403/H2/20230328/20230328_110000.WAV","H2",2023-03-28 11:00:00,"11:00:00"
"356","20230328_111000.WAV",1.82683316648718,25.1934680136816,0.51645280738086,"D:/AudioMoth_data/Week_starting_230403/H2/20230328/20230328_111000.WAV","H2",2023-03-28 11:10:00,"11:10:00"
"357","20230328_112000.WAV",2.23701008962071,24.8716968112714,0.657039631656561,"D:/AudioMoth_data/Week_starting_230403/H2/20230328/20230328_112000.WAV","H2",2023-03-28 11:20:00,"11:20:00"
"358","20230328_113000.WAV",2.63084303247842,24.333574343283,0.621265820506004,"D:/AudioMoth_data/Week_starting_230403/H2/20230328/20230328_113000.WAV","H2",2023-03-28 11:30:00,"11:30:00"
"359","20230328_114000.WAV",2.74194360691202,24.4986491699783,0.686144780973402,"D:/AudioMoth_data/Week_starting_230403/H2/20230328/20230328_114000.WAV","H2",2023-03-28 11:40:00,"11:40:00"
"360","20230328_115000.WAV",2.64711618300575,24.4995449864809,0.780522223092273,"D:/AudioMoth_data/Week_starting_230403/H2/20230328/20230328_115000.WAV","H2",2023-03-28 11:50:00,"11:50:00"
"361","20230328_120000.WAV",2.20822594799528,23.9684136023642,0.835865390091865,"D:/AudioMoth_data/Week_starting_230403/H2/20230328/20230328_120000.WAV","H2",2023-03-28 12:00:00,"12:00:00"
"362","20230328_121000.WAV",1.74169594604019,25.2300047169972,0.663721564175473,"D:/AudioMoth_data/Week_starting_230403/H2/20230328/20230328_121000.WAV","H2",2023-03-28 12:10:00,"12:10:00"
"363","20230328_122000.WAV",1.60497718614867,25.1632419584289,0.595532371412291,"D:/AudioMoth_data/Week_starting_230403/H2/20230328/20230328_122000.WAV","H2",2023-03-28 12:20:00,"12:20:00"
"364","20230328_123000.WAV",1.74782730873213,25.2241400355772,0.559844986169185,"D:/AudioMoth_data/Week_starting_230403/H2/20230328/20230328_123000.WAV","H2",2023-03-28 12:30:00,"12:30:00"
"365","20230328_124000.WAV",1.71834357103001,25.281315904691,0.578522510402921,"D:/AudioMoth_data/Week_starting_230403/H2/20230328/20230328_124000.WAV","H2",2023-03-28 12:40:00,"12:40:00"
"366","20230328_125000.WAV",1.65105183831801,25.3785926522326,0.556828617874348,"D:/AudioMoth_data/Week_starting_230403/H2/20230328/20230328_125000.WAV","H2",2023-03-28 12:50:00,"12:50:00"
"367","20230328_130000.WAV",1.5431629692386,25.245885366023,0.570023975899448,"D:/AudioMoth_data/Week_starting_230403/H2/20230328/20230328_130000.WAV","H2",2023-03-28 13:00:00,"13:00:00"
"368","20230328_131000.WAV",1.86411805875938,25.0086785907305,0.594087341248261,"D:/AudioMoth_data/Week_starting_230403/H2/20230328/20230328_131000.WAV","H2",2023-03-28 13:10:00,"13:10:00"
"369","20230328_132000.WAV",1.91684984345495,25.138551884242,0.58633882368555,"D:/AudioMoth_data/Week_starting_230403/H2/20230328/20230328_132000.WAV","H2",2023-03-28 13:20:00,"13:20:00"
"370","20230328_133000.WAV",1.96475833234216,24.8902099732091,0.600578948401224,"D:/AudioMoth_data/Week_starting_230403/H2/20230328/20230328_133000.WAV","H2",2023-03-28 13:30:00,"13:30:00"
"371","20230328_134000.WAV",1.7449546705313,25.1377733433584,0.509401322806381,"D:/AudioMoth_data/Week_starting_230403/H2/20230328/20230328_134000.WAV","H2",2023-03-28 13:40:00,"13:40:00"
"372","20230328_135000.WAV",1.47420674165668,24.8835257155113,0.716797424829274,"D:/AudioMoth_data/Week_starting_230403/H2/20230328/20230328_135000.WAV","H2",2023-03-28 13:50:00,"13:50:00"
"373","20230328_140000.WAV",1.14244410296819,24.4168254971716,0.847507700313598,"D:/AudioMoth_data/Week_starting_230403/H2/20230328/20230328_140000.WAV","H2",2023-03-28 14:00:00,"14:00:00"
"374","20230328_141000.WAV",2.07042199774538,25.2450677944438,0.77470606219725,"D:/AudioMoth_data/Week_starting_230403/H2/20230328/20230328_141000.WAV","H2",2023-03-28 14:10:00,"14:10:00"
"375","20230328_142000.WAV",1.74430777698494,25.1154413707724,0.417045660750434,"D:/AudioMoth_data/Week_starting_230403/H2/20230328/20230328_142000.WAV","H2",2023-03-28 14:20:00,"14:20:00"
"376","20230328_143000.WAV",1.73620849684883,25.1581578181852,0.514480866326388,"D:/AudioMoth_data/Week_starting_230403/H2/20230328/20230328_143000.WAV","H2",2023-03-28 14:30:00,"14:30:00"
"377","20230328_144000.WAV",1.65461826798701,25.4274896480876,0.472490601959478,"D:/AudioMoth_data/Week_starting_230403/H2/20230328/20230328_144000.WAV","H2",2023-03-28 14:40:00,"14:40:00"
"378","20230328_145000.WAV",1.18511258233989,25.6259603740929,0.741322241712597,"D:/AudioMoth_data/Week_starting_230403/H2/20230328/20230328_145000.WAV","H2",2023-03-28 14:50:00,"14:50:00"
"379","20230328_150000.WAV",0.89363141332999,25.0975723719564,0.71912590294788,"D:/AudioMoth_data/Week_starting_230403/H2/20230328/20230328_150000.WAV","H2",2023-03-28 15:00:00,"15:00:00"
"380","20230328_151000.WAV",1.2307468581486,25.0277056643962,0.637185689669081,"D:/AudioMoth_data/Week_starting_230403/H2/20230328/20230328_151000.WAV","H2",2023-03-28 15:10:00,"15:10:00"
"381","20230328_152000.WAV",1.62966056230791,25.1332765884578,0.621576819331695,"D:/AudioMoth_data/Week_starting_230403/H2/20230328/20230328_152000.WAV","H2",2023-03-28 15:20:00,"15:20:00"
"382","20230328_153000.WAV",1.77126689859751,25.1312836592656,0.582545578636662,"D:/AudioMoth_data/Week_starting_230403/H2/20230328/20230328_153000.WAV","H2",2023-03-28 15:30:00,"15:30:00"
"383","20230328_154000.WAV",1.48195721071199,25.2820528568071,0.648314754059997,"D:/AudioMoth_data/Week_starting_230403/H2/20230328/20230328_154000.WAV","H2",2023-03-28 15:40:00,"15:40:00"
"384","20230328_155000.WAV",1.59009616196404,25.2993959643205,0.5071366015964,"D:/AudioMoth_data/Week_starting_230403/H2/20230328/20230328_155000.WAV","H2",2023-03-28 15:50:00,"15:50:00"
"385","20230328_160000.WAV",0.762993725554352,25.3893218459967,0.684196338778611,"D:/AudioMoth_data/Week_starting_230403/H2/20230328/20230328_160000.WAV","H2",2023-03-28 16:00:00,"16:00:00"
"386","20230328_161000.WAV",1.68796388362269,25.1277390600189,0.647238075920165,"D:/AudioMoth_data/Week_starting_230403/H2/20230328/20230328_161000.WAV","H2",2023-03-28 16:10:00,"16:10:00"
"387","20230328_162000.WAV",1.76484380846969,25.0152585785076,0.653321058707461,"D:/AudioMoth_data/Week_starting_230403/H2/20230328/20230328_162000.WAV","H2",2023-03-28 16:20:00,"16:20:00"
"388","20230328_163000.WAV",1.39930267982026,25.2835608983482,0.733251391715224,"D:/AudioMoth_data/Week_starting_230403/H2/20230328/20230328_163000.WAV","H2",2023-03-28 16:30:00,"16:30:00"
"389","20230328_164000.WAV",1.54930580179205,24.9636410404631,0.640646185462151,"D:/AudioMoth_data/Week_starting_230403/H2/20230328/20230328_164000.WAV","H2",2023-03-28 16:40:00,"16:40:00"
"390","20230328_165000.WAV",1.65935709905086,25.3723636048225,0.670748049352105,"D:/AudioMoth_data/Week_starting_230403/H2/20230328/20230328_165000.WAV","H2",2023-03-28 16:50:00,"16:50:00"
"391","20230328_170000.WAV",1.90473732691522,24.7890139731342,0.570206623703051,"D:/AudioMoth_data/Week_starting_230403/H2/20230328/20230328_170000.WAV","H2",2023-03-28 17:00:00,"17:00:00"
"392","20230328_171000.WAV",0.84752102410469,25.835438693049,0.691976839287397,"D:/AudioMoth_data/Week_starting_230403/H2/20230328/20230328_171000.WAV","H2",2023-03-28 17:10:00,"17:10:00"
"393","20230328_172000.WAV",2.17457468081084,25.0617595307326,0.666137450436553,"D:/AudioMoth_data/Week_starting_230403/H2/20230328/20230328_172000.WAV","H2",2023-03-28 17:20:00,"17:20:00"
"394","20230328_173000.WAV",1.94056736023048,25.089847613204,0.481812053521343,"D:/AudioMoth_data/Week_starting_230403/H2/20230328/20230328_173000.WAV","H2",2023-03-28 17:30:00,"17:30:00"
"395","20230328_174000.WAV",1.8552185421588,24.9964970869545,0.462774190289901,"D:/AudioMoth_data/Week_starting_230403/H2/20230328/20230328_174000.WAV","H2",2023-03-28 17:40:00,"17:40:00"
"396","20230328_175000.WAV",2.03841555408769,24.7690289935966,0.63088219112963,"D:/AudioMoth_data/Week_starting_230403/H2/20230328/20230328_175000.WAV","H2",2023-03-28 17:50:00,"17:50:00"
"397","20230328_180000.WAV",2.17892504721448,24.7986780325093,0.557576537066324,"D:/AudioMoth_data/Week_starting_230403/H2/20230328/20230328_180000.WAV","H2",2023-03-28 18:00:00,"18:00:00"
"398","20230328_181000.WAV",1.9449098726668,24.83071588199,0.540272933606753,"D:/AudioMoth_data/Week_starting_230403/H2/20230328/20230328_181000.WAV","H2",2023-03-28 18:10:00,"18:10:00"
"399","20230328_182000.WAV",1.45432254828145,25.8993439475501,0.605946148046253,"D:/AudioMoth_data/Week_starting_230403/H2/20230328/20230328_182000.WAV","H2",2023-03-28 18:20:00,"18:20:00"
"400","20230328_183000.WAV",1.60798528415802,25.386583274332,0.708469255478601,"D:/AudioMoth_data/Week_starting_230403/H2/20230328/20230328_183000.WAV","H2",2023-03-28 18:30:00,"18:30:00"
"401","20230328_184000.WAV",1.77694401433768,25.2441503280265,0.702119184216123,"D:/AudioMoth_data/Week_starting_230403/H2/20230328/20230328_184000.WAV","H2",2023-03-28 18:40:00,"18:40:00"
"402","20230328_185000.WAV",1.49883360652902,25.3678174775492,0.545083086838803,"D:/AudioMoth_data/Week_starting_230403/H2/20230328/20230328_185000.WAV","H2",2023-03-28 18:50:00,"18:50:00"
"403","20230328_190000.WAV",1.27326269519967,25.4175922987055,0.808626662532541,"D:/AudioMoth_data/Week_starting_230403/H2/20230328/20230328_190000.WAV","H2",2023-03-28 19:00:00,"19:00:00"
"404","20230328_191000.WAV",1.78413963677442,25.2241816955341,0.502496950697697,"D:/AudioMoth_data/Week_starting_230403/H2/20230328/20230328_191000.WAV","H2",2023-03-28 19:10:00,"19:10:00"
"405","20230328_192000.WAV",1.26715397161504,25.744942830565,0.631971340557352,"D:/AudioMoth_data/Week_starting_230403/H2/20230328/20230328_192000.WAV","H2",2023-03-28 19:20:00,"19:20:00"
"406","20230328_193000.WAV",2.3533000711682,24.5768305625255,-0.004166176288066,"D:/AudioMoth_data/Week_starting_230403/H2/20230328/20230328_193000.WAV","H2",2023-03-28 19:30:00,"19:30:00"
"407","20230328_194000.WAV",3.17819360441158,24.83577711703,0.839665934101144,"D:/AudioMoth_data/Week_starting_230403/H2/20230328/20230328_194000.WAV","H2",2023-03-28 19:40:00,"19:40:00"
"408","20230328_195000.WAV",1.89456294927404,25.0047401188166,0.474105265666942,"D:/AudioMoth_data/Week_starting_230403/H2/20230328/20230328_195000.WAV","H2",2023-03-28 19:50:00,"19:50:00"
"409","20230328_200000.WAV",2.04789941392184,24.6863825108587,0.400820498085461,"D:/AudioMoth_data/Week_starting_230403/H2/20230328/20230328_200000.WAV","H2",2023-03-28 20:00:00,"20:00:00"
"410","20230328_201000.WAV",1.54007314614017,25.1245778781136,0.728993933540049,"D:/AudioMoth_data/Week_starting_230403/H2/20230328/20230328_201000.WAV","H2",2023-03-28 20:10:00,"20:10:00"
"411","20230328_202000.WAV",1.61716166873025,25.1510409886704,0.541004345712809,"D:/AudioMoth_data/Week_starting_230403/H2/20230328/20230328_202000.WAV","H2",2023-03-28 20:20:00,"20:20:00"
"412","20230328_203000.WAV",1.22396516306975,25.2350467240819,0.505921589720053,"D:/AudioMoth_data/Week_starting_230403/H2/20230328/20230328_203000.WAV","H2",2023-03-28 20:30:00,"20:30:00"
"413","20230328_204000.WAV",1.40823071028689,25.2715230504237,0.599153016355038,"D:/AudioMoth_data/Week_starting_230403/H2/20230328/20230328_204000.WAV","H2",2023-03-28 20:40:00,"20:40:00"
"414","20230328_205000.WAV",0.718296662725647,25.208466519469,0.80605896391117,"D:/AudioMoth_data/Week_starting_230403/H2/20230328/20230328_205000.WAV","H2",2023-03-28 20:50:00,"20:50:00"
"415","20230328_210000.WAV",1.13721390425143,25.4300410070206,0.551741298462062,"D:/AudioMoth_data/Week_starting_230403/H2/20230328/20230328_210000.WAV","H2",2023-03-28 21:00:00,"21:00:00"
"416","20230328_211000.WAV",1.05238131930008,25.8509314088274,0.919655658987772,"D:/AudioMoth_data/Week_starting_230403/H2/20230328/20230328_211000.WAV","H2",2023-03-28 21:10:00,"21:10:00"
"417","20230328_212000.WAV",1.52840400196769,25.3652914078313,0.710619397979235,"D:/AudioMoth_data/Week_starting_230403/H2/20230328/20230328_212000.WAV","H2",2023-03-28 21:20:00,"21:20:00"
"418","20230328_213000.WAV",1.38818047568984,25.2332742217321,0.653942949848558,"D:/AudioMoth_data/Week_starting_230403/H2/20230328/20230328_213000.WAV","H2",2023-03-28 21:30:00,"21:30:00"
"419","20230328_214000.WAV",1.33768393215634,25.2295293138493,0.768376835528743,"D:/AudioMoth_data/Week_starting_230403/H2/20230328/20230328_214000.WAV","H2",2023-03-28 21:40:00,"21:40:00"
"420","20230328_215000.WAV",1.26560934084092,25.2195580323689,0.665607301219463,"D:/AudioMoth_data/Week_starting_230403/H2/20230328/20230328_215000.WAV","H2",2023-03-28 21:50:00,"21:50:00"
"421","20230328_220000.WAV",1.53218469698025,25.1527773088111,0.573042572811427,"D:/AudioMoth_data/Week_starting_230403/H2/20230328/20230328_220000.WAV","H2",2023-03-28 22:00:00,"22:00:00"
"422","20230328_221000.WAV",1.42452084225172,25.2779318941821,0.627767532671343,"D:/AudioMoth_data/Week_starting_230403/H2/20230328/20230328_221000.WAV","H2",2023-03-28 22:10:00,"22:10:00"
"423","20230328_222000.WAV",1.45676911409191,25.1793988551264,0.521950643039007,"D:/AudioMoth_data/Week_starting_230403/H2/20230328/20230328_222000.WAV","H2",2023-03-28 22:20:00,"22:20:00"
"424","20230328_223000.WAV",1.3546625905499,25.2617708553512,0.653367990500758,"D:/AudioMoth_data/Week_starting_230403/H2/20230328/20230328_223000.WAV","H2",2023-03-28 22:30:00,"22:30:00"
"425","20230328_224000.WAV",1.35933461343826,25.1560975456862,0.601197265054654,"D:/AudioMoth_data/Week_starting_230403/H2/20230328/20230328_224000.WAV","H2",2023-03-28 22:40:00,"22:40:00"
"426","20230328_225000.WAV",1.44206880643688,25.2525075935745,0.683250377380763,"D:/AudioMoth_data/Week_starting_230403/H2/20230328/20230328_225000.WAV","H2",2023-03-28 22:50:00,"22:50:00"
"427","20230328_230000.WAV",1.45510047213041,25.1445831910556,0.541675559015135,"D:/AudioMoth_data/Week_starting_230403/H2/20230328/20230328_230000.WAV","H2",2023-03-28 23:00:00,"23:00:00"
"428","20230328_231000.WAV",1.26920975657736,25.1676917930405,0.418785425528246,"D:/AudioMoth_data/Week_starting_230403/H2/20230328/20230328_231000.WAV","H2",2023-03-28 23:10:00,"23:10:00"
"429","20230328_232000.WAV",1.2930166713445,25.2065365392838,0.483522825325193,"D:/AudioMoth_data/Week_starting_230403/H2/20230328/20230328_232000.WAV","H2",2023-03-28 23:20:00,"23:20:00"
"430","20230328_233000.WAV",1.46457008781717,25.1506336262081,0.709660679560662,"D:/AudioMoth_data/Week_starting_230403/H2/20230328/20230328_233000.WAV","H2",2023-03-28 23:30:00,"23:30:00"
"431","20230328_234000.WAV",1.4076628702973,25.2821007714124,0.70977281911798,"D:/AudioMoth_data/Week_starting_230403/H2/20230328/20230328_234000.WAV","H2",2023-03-28 23:40:00,"23:40:00"
"432","20230328_235000.WAV",1.00272494392586,25.0635923679189,0.605884287469563,"D:/AudioMoth_data/Week_starting_230403/H2/20230328/20230328_235000.WAV","H2",2023-03-28 23:50:00,"23:50:00"
